Fragrance Name,Link
Khamrah,https://www.fragrantica.com/perfume/Lattafa-Perfumes/Khamrah-75805.html
Le Male Elixir,https://www.fragrantica.com/perfume/Jean-Paul-Gaultier/Le-Male-Elixir-81642.html
Angels' Share,https://www.fragrantica.com/perfume/By-Kilian/Angels-Share-62615.html
Le Male Le Parfum,https://www.fragrantica.com/perfume/Jean-Paul-Gaultier/Le-Male-Le-Parfum-61856.html
XJ 1861 Naxos,https://www.fragrantica.com/perfume/Xerjoff/XJ-1861-Naxos-30529.html
Emporio Armani Stronger With You Intensely,https://www.fragrantica.com/perfume/Giorgio-Armani/Emporio-Armani-Stronger-With-You-Intensely-52802.html
By the Fireplace,https://www.fragrantica.com/perfume/Maison-Martin-Margiela/By-the-Fireplace-31623.html
Le Beau Le Parfum,https://www.fragrantica.com/perfume/Jean-Paul-Gaultier/Le-Beau-Le-Parfum-72158.html
Y Eau de Parfum,https://www.fragrantica.com/perfume/Yves-Saint-Laurent/Y-Eau-de-Parfum-50757.html
Bianco Latte,https://www.fragrantica.com/perfume/Giardini-Di-Toscana/Bianco-Latte-64757.html
Dior Homme Intense 2011,https://www.fragrantica.com/perfume/Dior/Dior-Homme-Intense-2011-13016.html
Baccarat Rouge 540,https://www.fragrantica.com/perfume/Maison-Francis-Kurkdjian/Baccarat-Rouge-540-33519.html
Tobacco Vanille,https://www.fragrantica.com/perfume/Tom-Ford/Tobacco-Vanille-1825.html
9pm,https://www.fragrantica.com/perfume/Afnan/9pm-65414.html
Jazz Club,https://www.fragrantica.com/perfume/Maison-Martin-Margiela/Jazz-Club-20541.html
Layton,https://www.fragrantica.com/perfume/Parfums-de-Marly/Layton-39314.html
Eros,https://www.fragrantica.com/perfume/Versace/Eros-16657.html
Spicebomb Extreme,https://www.fragrantica.com/perfume/Viktor-Rolf/Spicebomb-Extreme-30499.html
Versace Pour Homme Dylan Blue,https://www.fragrantica.com/perfume/Versace/Versace-Pour-Homme-Dylan-Blue-40031.html
Bleu de Chanel Eau de Parfum,https://www.fragrantica.com/perfume/Chanel/Bleu-de-Chanel-Eau-de-Parfum-25967.html
Club de Nuit Intense Man,https://www.fragrantica.com/perfume/Armaf/Club-de-Nuit-Intense-Man-34696.html
Aventus,https://www.fragrantica.com/perfume/Creed/Aventus-9828.html
Sauvage,https://www.fragrantica.com/perfume/Dior/Sauvage-31861.html
Sauvage Elixir,https://www.fragrantica.com/perfume/Dior/Sauvage-Elixir-68415.html
Eros Flame,https://www.fragrantica.com/perfume/Versace/Eros-Flame-52180.html
Valentino Uomo Born In Roma Intense,https://www.fragrantica.com/perfume/Valentino/Valentino-Uomo-Born-In-Roma-Intense-78740.html
Althaïr,https://www.fragrantica.com/perfume/Parfums-de-Marly/Althair-84109.html
Grand Soir,https://www.fragrantica.com/perfume/Maison-Francis-Kurkdjian/Grand-Soir-40816.html
Erba Pura,https://www.fragrantica.com/perfume/Xerjoff/Erba-Pura-55157.html
Asad,https://www.fragrantica.com/perfume/Lattafa-Perfumes/Asad-72821.html
Khamrah Qahwa,https://www.fragrantica.com/perfume/Lattafa-Perfumes/Khamrah-Qahwa-88175.html
Le Beau Paradise Garden,https://www.fragrantica.com/perfume/Jean-Paul-Gaultier/Le-Beau-Paradise-Garden-88836.html
Ultra Male,https://www.fragrantica.com/perfume/Jean-Paul-Gaultier/Ultra-Male-30947.html
The Most Wanted Parfum,https://www.fragrantica.com/perfume/Azzaro/The-Most-Wanted-Parfum-73664.html
Lost Cherry,https://www.fragrantica.com/perfume/Tom-Ford/Lost-Cherry-51411.html
Imagination,https://www.fragrantica.com/perfume/Louis-Vuitton/Imagination-67370.html
Ombré Leather (2018),https://www.fragrantica.com/perfume/Tom-Ford/Ombre-Leather-2018-50239.html
Versace Pour Homme,https://www.fragrantica.com/perfume/Versace/Versace-Pour-Homme-2318.html
Explorer,https://www.fragrantica.com/perfume/Montblanc/Explorer-52002.html
Gentleman Eau de Parfum Reserve Privée,https://www.fragrantica.com/perfume/Givenchy/Gentleman-Eau-de-Parfum-Reserve-Privee-71272.html
Nautica Voyage,https://www.fragrantica.com/perfume/Nautica/Nautica-Voyage-913.html
Terre d'Hermès,https://www.fragrantica.com/perfume/Hermes/Terre-d-Hermes-17.html
Arabians Tonka,https://www.fragrantica.com/perfume/Montale/Arabians-Tonka-57384.html
Hawas for Him,https://www.fragrantica.com/perfume/Rasasi/Hawas-for-Him-46890.html
Acqua di Giò Profondo,https://www.fragrantica.com/perfume/Giorgio-Armani/Acqua-di-Gio-Profondo-59532.html
Vanilla 28,https://www.fragrantica.com/perfume/Kayali-Fragrances/Vanilla-28-52616.html
MYSLF Eau de Parfum,https://www.fragrantica.com/perfume/Yves-Saint-Laurent/MYSLF-Eau-de-Parfum-84094.html
Bois Impérial,https://www.fragrantica.com/perfume/Essential-Parfums/Bois-Imperial-64338.html
The Most Wanted,https://www.fragrantica.com/perfume/Azzaro/The-Most-Wanted-66826.html
Cedrat Boise,https://www.fragrantica.com/perfume/Mancera/Cedrat-Boise-15211.html
Encre Noire,https://www.fragrantica.com/perfume/Lalique/Encre-Noire-1834.html
Side Effect,https://www.fragrantica.com/perfume/Initio-Parfums-Prives/Side-Effect-42260.html
Instant Crush,https://www.fragrantica.com/perfume/Mancera/Instant-Crush-54885.html
Acqua di Gio,https://www.fragrantica.com/perfume/Giorgio-Armani/Acqua-di-Gio-410.html
Prada L'Homme,https://www.fragrantica.com/perfume/Prada/Prada-L-Homme-39029.html
Le Male,https://www.fragrantica.com/perfume/Jean-Paul-Gaultier/Le-Male-430.html
Amore Caffè,https://www.fragrantica.com/perfume/Mancera/Amore-Caffe-87409.html
Babycat,https://www.fragrantica.com/perfume/Yves-Saint-Laurent/Babycat-73149.html
La Nuit de l'Homme,https://www.fragrantica.com/perfume/Yves-Saint-Laurent/La-Nuit-de-l-Homme-5521.html
Bal d'Afrique,https://www.fragrantica.com/perfume/Byredo/Bal-d-Afrique-6458.html
Red Tobacco,https://www.fragrantica.com/perfume/Mancera/Red-Tobacco-46663.html
Oud Wood,https://www.fragrantica.com/perfume/Tom-Ford/Oud-Wood-1826.html
Ani,https://www.fragrantica.com/perfume/Nishane/Ani-54785.html
The One for Men Eau de Parfum,https://www.fragrantica.com/perfume/Dolce-Gabbana/The-One-for-Men-Eau-de-Parfum-31909.html
Acqua di Giò Profumo,https://www.fragrantica.com/perfume/Giorgio-Armani/Acqua-di-Gio-Profumo-29727.html
Bade'e Al Oud Honor & Glory,https://www.fragrantica.com/perfume/Lattafa-Perfumes/Bade-e-Al-Oud-Honor-Glory-84302.html
Ganymede,https://www.fragrantica.com/perfume/Marc-Antoine-Barrois/Ganymede-54720.html
Le Beau,https://www.fragrantica.com/perfume/Jean-Paul-Gaultier/Le-Beau-55785.html
Santal 33,https://www.fragrantica.com/perfume/Le-Labo/Santal-33-12201.html
Hacivat,https://www.fragrantica.com/perfume/Nishane/Hacivat-44174.html
Guidance,https://www.fragrantica.com/perfume/Amouage/Guidance-78656.html
Gris Charnel,https://www.fragrantica.com/perfume/BDK-Parfums/Gris-Charnel-57038.html
Torino21,https://www.fragrantica.com/perfume/Xerjoff/Torino21-70424.html
Emporio Armani Stronger With You Absolutely,https://www.fragrantica.com/perfume/Giorgio-Armani/Emporio-Armani-Stronger-With-You-Absolutely-64501.html
Noir Extreme,https://www.fragrantica.com/perfume/Tom-Ford/Noir-Extreme-29675.html
Tonka Cola,https://www.fragrantica.com/perfume/Mancera/Tonka-Cola-76893.html
Sauvage Eau de Parfum,https://www.fragrantica.com/perfume/Dior/Sauvage-Eau-de-Parfum-48100.html
Light Blue Eau Intense Pour Homme,https://www.fragrantica.com/perfume/Dolce-Gabbana/Light-Blue-Eau-Intense-Pour-Homme-44035.html
1 Million,https://www.fragrantica.com/perfume/Rabanne/1-Million-3747.html
Blanche Bête,https://www.fragrantica.com/perfume/Les-Liquides-Imaginaires/Blanche-Bete-70189.html
Black Phantom,https://www.fragrantica.com/perfume/By-Kilian/Black-Phantom-43632.html
Oud Satin Mood,https://www.fragrantica.com/perfume/Maison-Francis-Kurkdjian/Oud-Satin-Mood-30352.html
CK One,https://www.fragrantica.com/perfume/Calvin-Klein/CK-One-276.html
Oud Maracujá,https://www.fragrantica.com/perfume/Maison-Crivelli/Oud-Maracuja-83842.html
Greenley,https://www.fragrantica.com/perfume/Parfums-de-Marly/Greenley-62101.html
Yum Pistachio Gelato | 33,https://www.fragrantica.com/perfume/Kayali-Fragrances/Yum-Pistachio-Gelato-33-79846.html
Wood Sage & Sea Salt,https://www.fragrantica.com/perfume/Jo-Malone-London/Wood-Sage-Sea-Salt-25529.html
Valentino Uomo Born In Roma Coral Fantasy,https://www.fragrantica.com/perfume/Valentino/Valentino-Uomo-Born-In-Roma-Coral-Fantasy-71761.html
Nebras,https://www.fragrantica.com/perfume/Lattafa-Perfumes/Nebras-78560.html
Megamare,https://www.fragrantica.com/perfume/Orto-Parisi/Megamare-53471.html
Another 13,https://www.fragrantica.com/perfume/Le-Labo/Another-13-10131.html
Dior Homme Parfum,https://www.fragrantica.com/perfume/Dior/Dior-Homme-Parfum-27417.html
Acqua di Giò Parfum,https://www.fragrantica.com/perfume/Giorgio-Armani/Acqua-di-Gio-Parfum-81508.html
You,https://www.fragrantica.com/perfume/Glossier/You-46885.html
Bade'e Al Oud Oud for Glory,https://www.fragrantica.com/perfume/Lattafa-Perfumes/Bade-e-Al-Oud-Oud-for-Glory-64948.html
Herod,https://www.fragrantica.com/perfume/Parfums-de-Marly/Herod-16939.html
Oajan,https://www.fragrantica.com/perfume/Parfums-de-Marly/Oajan-21548.html
Baccarat Rouge 540 Extrait de Parfum,https://www.fragrantica.com/perfume/Maison-Francis-Kurkdjian/Baccarat-Rouge-540-Extrait-de-Parfum-46066.html
Alexandria II,https://www.fragrantica.com/perfume/Xerjoff/Alexandria-II-17786.html
Vanilla Sex,https://www.fragrantica.com/perfume/Tom-Ford/Vanilla-Sex-88588.html
L'Eau d'Issey Pour Homme,https://www.fragrantica.com/perfume/Issey-Miyake/L-Eau-d-Issey-Pour-Homme-721.html
Valentino Uomo Born in Roma,https://www.fragrantica.com/perfume/Valentino/Valentino-Uomo-Born-in-Roma-55963.html
Invictus,https://www.fragrantica.com/perfume/Rabanne/Invictus-18471.html
Allure Homme Sport Eau Extreme,https://www.fragrantica.com/perfume/Chanel/Allure-Homme-Sport-Eau-Extreme-14669.html
Ombre Nomade,https://www.fragrantica.com/perfume/Louis-Vuitton/Ombre-Nomade-49755.html
Cool Water,https://www.fragrantica.com/perfume/Davidoff/Cool-Water-507.html
Toy Boy,https://www.fragrantica.com/perfume/Moschino/Toy-Boy-55858.html
God of Fire,https://www.fragrantica.com/perfume/Stephane-Humbert-Lucas-777/God-of-Fire-72381.html
Bleu de Chanel Parfum,https://www.fragrantica.com/perfume/Chanel/Bleu-de-Chanel-Parfum-49912.html
Armani Code Parfum,https://www.fragrantica.com/perfume/Giorgio-Armani/Armani-Code-Parfum-75126.html
Black Afgano,https://www.fragrantica.com/perfume/Nasomatto/Black-Afgano-6472.html
Qaed Al Fursan,https://www.fragrantica.com/perfume/Lattafa-Perfumes/Qaed-Al-Fursan-67996.html
Legend Spirit,https://www.fragrantica.com/perfume/Montblanc/Legend-Spirit-33443.html
L'Eau Papier,https://www.fragrantica.com/perfume/Diptyque/L-Eau-Papier-78658.html
Oud for Greatness,https://www.fragrantica.com/perfume/Initio-Parfums-Prives/Oud-for-Greatness-53641.html
Invictus Victory Elixir,https://www.fragrantica.com/perfume/Rabanne/Invictus-Victory-Elixir-78575.html
Pacific Chill,https://www.fragrantica.com/perfume/Louis-Vuitton/Pacific-Chill-81423.html
Scandal Pour Homme,https://www.fragrantica.com/perfume/Jean-Paul-Gaultier/Scandal-Pour-Homme-68074.html
L’Homme Idéal Eau de Parfum,https://www.fragrantica.com/perfume/Guerlain/L-Homme-Ideal-Eau-de-Parfum-37735.html
Gentle Fluidity Gold,https://www.fragrantica.com/perfume/Maison-Francis-Kurkdjian/Gentle-Fluidity-Gold-53401.html
Bleu de Chanel,https://www.fragrantica.com/perfume/Chanel/Bleu-de-Chanel-9099.html
Mojave Ghost,https://www.fragrantica.com/perfume/Byredo/Mojave-Ghost-27040.html
Soleil Blanc,https://www.fragrantica.com/perfume/Tom-Ford/Soleil-Blanc-34893.html
Turathi Blue,https://www.fragrantica.com/perfume/Afnan/Turathi-Blue-70839.html
Sedley,https://www.fragrantica.com/perfume/Parfums-de-Marly/Sedley-56273.html
Gypsy Water,https://www.fragrantica.com/perfume/Byredo/Gypsy-Water-3575.html
Fahrenheit,https://www.fragrantica.com/perfume/Dior/Fahrenheit-228.html
Fakhar Black,https://www.fragrantica.com/perfume/Lattafa-Perfumes/Fakhar-Black-70465.html
Eros Eau de Parfum,https://www.fragrantica.com/perfume/Versace/Eros-Eau-de-Parfum-62762.html
Hibiscus Mahajád,https://www.fragrantica.com/perfume/Maison-Crivelli/Hibiscus-Mahajad-69069.html
Versace Man Eau Fraiche,https://www.fragrantica.com/perfume/Versace/Versace-Man-Eau-Fraiche-644.html
Silver Mountain Water,https://www.fragrantica.com/perfume/Creed/Silver-Mountain-Water-472.html
Reflection Man,https://www.fragrantica.com/perfume/Amouage/Reflection-Man-920.html
Green Irish Tweed,https://www.fragrantica.com/perfume/Creed/Green-Irish-Tweed-474.html
Musc Ravageur,https://www.fragrantica.com/perfume/Frederic-Malle/Musc-Ravageur-1801.html
Lazy Sunday Morning,https://www.fragrantica.com/perfume/Maison-Martin-Margiela/Lazy-Sunday-Morning-20542.html
Ameer Al Oudh Intense Oud,https://www.fragrantica.com/perfume/Lattafa-Perfumes/Ameer-Al-Oudh-Intense-Oud-64947.html
Emporio Armani Stronger With You,https://www.fragrantica.com/perfume/Giorgio-Armani/Emporio-Armani-Stronger-With-You-45258.html
Fucking Fabulous,https://www.fragrantica.com/perfume/Tom-Ford/Fucking-Fabulous-46513.html
Amber Oud Gold Edition,https://www.fragrantica.com/perfume/Al-Haramain-Perfumes/Amber-Oud-Gold-Edition-51816.html
Boss Bottled Elixir,https://www.fragrantica.com/perfume/Hugo-Boss/Boss-Bottled-Elixir-84074.html
Philosykos Eau de Parfum,https://www.fragrantica.com/perfume/Diptyque/Philosykos-Eau-de-Parfum-3865.html
Kirke,https://www.fragrantica.com/perfume/Tiziana-Terenzi/Kirke-32172.html
French Riviera,https://www.fragrantica.com/perfume/Mancera/French-Riviera-74636.html
Gris Charnel Extrait,https://www.fragrantica.com/perfume/BDK-Parfums/Gris-Charnel-Extrait-73645.html
Carlisle,https://www.fragrantica.com/perfume/Parfums-de-Marly/Carlisle-33514.html
Wulóng Chá,https://www.fragrantica.com/perfume/Nishane/Wulong-Cha-30567.html
Musk Therapy,https://www.fragrantica.com/perfume/Initio-Parfums-Prives/Musk-Therapy-66097.html
Acqua di Parma Blu Mediterraneo - Fico di Amalfi,https://www.fragrantica.com/perfume/Acqua-di-Parma/Acqua-di-Parma-Blu-Mediterraneo-Fico-di-Amalfi-1687.html
Luna Rossa Black,https://www.fragrantica.com/perfume/Prada/Luna-Rossa-Black-48682.html
Tilia,https://www.fragrantica.com/perfume/Marc-Antoine-Barrois/Tilia-91688.html
Terroni,https://www.fragrantica.com/perfume/Orto-Parisi/Terroni-45475.html
Allure Homme Sport,https://www.fragrantica.com/perfume/Chanel/Allure-Homme-Sport-607.html
Y Le Parfum,https://www.fragrantica.com/perfume/Yves-Saint-Laurent/Y-Le-Parfum-64718.html
Mercedes Benz Club Black,https://www.fragrantica.com/perfume/Mercedes-Benz/Mercedes-Benz-Club-Black-46797.html
Tuxedo,https://www.fragrantica.com/perfume/Yves-Saint-Laurent/Tuxedo-32269.html
Bad Boy Cobalt Parfum Electrique,https://www.fragrantica.com/perfume/Carolina-Herrera/Bad-Boy-Cobalt-Parfum-Electrique-71888.html
Dior Homme 2020,https://www.fragrantica.com/perfume/Dior/Dior-Homme-2020-58714.html
Teriaq,https://www.fragrantica.com/perfume/Lattafa-Perfumes/Teriaq-89850.html
You Or Someone Like You,https://www.fragrantica.com/perfume/Etat-Libre-d-Orange/You-Or-Someone-Like-You-43531.html
Intense Cafe,https://www.fragrantica.com/perfume/Montale/Intense-Cafe-18021.html
Bake,https://www.fragrantica.com/perfume/Akro/Bake-81614.html
40 Knots,https://www.fragrantica.com/perfume/Xerjoff/40-Knots-16445.html
Détour Noir,https://www.fragrantica.com/perfume/Al-Haramain-Perfumes/Detour-Noir-70748.html
Coffee Break,https://www.fragrantica.com/perfume/Maison-Martin-Margiela/Coffee-Break-55926.html
Chocolate Greedy,https://www.fragrantica.com/perfume/Montale/Chocolate-Greedy-2186.html
1 Million Lucky,https://www.fragrantica.com/perfume/Rabanne/1-Million-Lucky-48903.html
1 Million Elixir,https://www.fragrantica.com/perfume/Rabanne/1-Million-Elixir-71708.html
Absolute Aphrodisiac,https://www.fragrantica.com/perfume/Initio-Parfums-Prives/Absolute-Aphrodisiac-30989.html
Italica (2021),https://www.fragrantica.com/perfume/Xerjoff/Italica-2021-65383.html
Apple Brandy on the Rocks,https://www.fragrantica.com/perfume/By-Kilian/Apple-Brandy-on-the-Rocks-68326.html
Narcotic Delight,https://www.fragrantica.com/perfume/Initio-Parfums-Prives/Narcotic-Delight-89368.html
Spicebomb,https://www.fragrantica.com/perfume/Viktor-Rolf/Spicebomb-13857.html
Afternoon Swim,https://www.fragrantica.com/perfume/Louis-Vuitton/Afternoon-Swim-53947.html
Dior Homme Sport 2021,https://www.fragrantica.com/perfume/Dior/Dior-Homme-Sport-2021-71326.html
Bitter Peach,https://www.fragrantica.com/perfume/Tom-Ford/Bitter-Peach-62707.html
Tony Iommi Monkey Special,https://www.fragrantica.com/perfume/Xerjoff/Tony-Iommi-Monkey-Special-70789.html
Bvlgari Man In Black,https://www.fragrantica.com/perfume/Bvlgari/Bvlgari-Man-In-Black-26358.html
Terre d'Hermes Eau Givree,https://www.fragrantica.com/perfume/Hermes/Terre-d-Hermes-Eau-Givree-72439.html
Blue Talisman,https://www.fragrantica.com/perfume/Ex-Nihilo/Blue-Talisman-84224.html
Milk,https://www.fragrantica.com/perfume/Commodity/Milk-69191.html
Haltane,https://www.fragrantica.com/perfume/Parfums-de-Marly/Haltane-70776.html
Liam,https://www.fragrantica.com/perfume/Lattafa-Perfumes/Liam-85097.html
Wanted by Night,https://www.fragrantica.com/perfume/Azzaro/Wanted-by-Night-49144.html
Prada L'Homme Intense,https://www.fragrantica.com/perfume/Prada/Prada-L-Homme-Intense-45396.html
Boss Bottled,https://www.fragrantica.com/perfume/Hugo-Boss/Boss-Bottled-383.html
Tobacco Honey,https://www.fragrantica.com/perfume/Guerlain/Tobacco-Honey-84518.html
Percival,https://www.fragrantica.com/perfume/Parfums-de-Marly/Percival-51037.html
Hundred Silent Ways,https://www.fragrantica.com/perfume/Nishane/Hundred-Silent-Ways-37602.html
Chergui,https://www.fragrantica.com/perfume/Serge-Lutens/Chergui-2762.html
Virgin Island Water,https://www.fragrantica.com/perfume/Creed/Virgin-Island-Water-899.html
Bentley for Men Intense,https://www.fragrantica.com/perfume/Bentley/Bentley-for-Men-Intense-17666.html
Luna Rossa Carbon,https://www.fragrantica.com/perfume/Prada/Luna-Rossa-Carbon-43402.html
The Noir 29,https://www.fragrantica.com/perfume/Le-Labo/The-Noir-29-31872.html
Dior Homme Cologne 2022,https://www.fragrantica.com/perfume/Dior/Dior-Homme-Cologne-2022-72062.html
Paragon,https://www.fragrantica.com/perfume/Initio-Parfums-Prives/Paragon-76580.html
Pegasus,https://www.fragrantica.com/perfume/Parfums-de-Marly/Pegasus-16938.html
Supremacy Not Only Intense,https://www.fragrantica.com/perfume/Afnan/Supremacy-Not-Only-Intense-68271.html
Gentle Fluidity Silver,https://www.fragrantica.com/perfume/Maison-Francis-Kurkdjian/Gentle-Fluidity-Silver-53400.html
Smoking Hot,https://www.fragrantica.com/perfume/By-Kilian/Smoking-Hot-84413.html
Neroli Portofino,https://www.fragrantica.com/perfume/Tom-Ford/Neroli-Portofino-12192.html
Halloween Man X,https://www.fragrantica.com/perfume/Halloween/Halloween-Man-X-53215.html
Elysium Pour Homme Parfum Cologne,https://www.fragrantica.com/perfume/Roja-Dove/Elysium-Pour-Homme-Parfum-Cologne-46296.html
Intense Cedrat Boise,https://www.fragrantica.com/perfume/Mancera/Intense-Cedrat-Boise-72796.html
Maahir Legacy,https://www.fragrantica.com/perfume/Lattafa-Perfumes/Maahir-Legacy-82727.html
Orphéon Eau de Parfum,https://www.fragrantica.com/perfume/Diptyque/Orpheon-Eau-de-Parfum-65738.html
Vanilla Powder,https://www.fragrantica.com/perfume/Matiere-Premiere/Vanilla-Powder-84933.html
Molecule 01,https://www.fragrantica.com/perfume/Escentric-Molecules/Molecule-01-845.html
Erba Gold,https://www.fragrantica.com/perfume/Xerjoff/Erba-Gold-76683.html
Choco Musk Eau de Parfum,https://www.fragrantica.com/perfume/Al-Rehab/Choco-Musk-Eau-de-Parfum-88083.html
Luna Rossa Ocean,https://www.fragrantica.com/perfume/Prada/Luna-Rossa-Ocean-68753.html
Eros Energy,https://www.fragrantica.com/perfume/Versace/Eros-Energy-92647.html
Qaed Al Fursan Unlimited,https://www.fragrantica.com/perfume/Lattafa-Perfumes/Qaed-Al-Fursan-Unlimited-82590.html
Eternal Oud,https://www.fragrantica.com/perfume/Lattafa-Perfumes/Eternal-Oud-78155.html
The Ghost In The Shell,https://www.fragrantica.com/perfume/Etat-Libre-d-Orange/The-Ghost-In-The-Shell-69412.html
Y Eau de Parfum Intense,https://www.fragrantica.com/perfume/Yves-Saint-Laurent/Y-Eau-de-Parfum-Intense-79243.html
Baraonda,https://www.fragrantica.com/perfume/Nasomatto/Baraonda-40200.html
Scandal Pour Homme Le Parfum,https://www.fragrantica.com/perfume/Jean-Paul-Gaultier/Scandal-Pour-Homme-Le-Parfum-74915.html
L’Immensité,https://www.fragrantica.com/perfume/Louis-Vuitton/L-Immensite-49751.html
Myrrh & Tonka,https://www.fragrantica.com/perfume/Jo-Malone-London/Myrrh-Tonka-42027.html
Eau Duelle Eau de Toilette,https://www.fragrantica.com/perfume/Diptyque/Eau-Duelle-Eau-de-Toilette-9241.html
Liquid Brun,https://www.fragrantica.com/perfume/French-Avenue/Liquid-Brun-94713.html
Guilty Elixir de Parfum pour Homme,https://www.fragrantica.com/perfume/Gucci/Guilty-Elixir-de-Parfum-pour-Homme-84547.html
Escapade Gourmande,https://www.fragrantica.com/perfume/Maison-Mataha/Escapade-Gourmande-72607.html
1 Million Parfum,https://www.fragrantica.com/perfume/Rabanne/1-Million-Parfum-60035.html
Encre Noire A L'Extreme,https://www.fragrantica.com/perfume/Lalique/Encre-Noire-A-L-Extreme-32356.html
Vanilla Vibes,https://www.fragrantica.com/perfume/Juliette-Has-A-Gun/Vanilla-Vibes-54878.html
Interlude Man,https://www.fragrantica.com/perfume/Amouage/Interlude-Man-15294.html
Un Jardin Sur Le Nil,https://www.fragrantica.com/perfume/Hermes/Un-Jardin-Sur-Le-Nil-18.html
Blue Jeans,https://www.fragrantica.com/perfume/Versace/Blue-Jeans-637.html
Moustache Eau de Parfum,https://www.fragrantica.com/perfume/Rochas/Moustache-Eau-de-Parfum-52350.html
Bubble Bath,https://www.fragrantica.com/perfume/Maison-Martin-Margiela/Bubble-Bath-60105.html
The One for Men,https://www.fragrantica.com/perfume/Dolce-Gabbana/The-One-for-Men-2056.html
Club de Nuit Untold,https://www.fragrantica.com/perfume/Armaf/Club-de-Nuit-Untold-78476.html
Club de Nuit Blue Iconic,https://www.fragrantica.com/perfume/Armaf/Club-de-Nuit-Blue-Iconic-78475.html
Fleur Narcotique,https://www.fragrantica.com/perfume/Ex-Nihilo/Fleur-Narcotique-27571.html
Choco Musk,https://www.fragrantica.com/perfume/Al-Rehab/Choco-Musk-20139.html
Kismet Angel,https://www.fragrantica.com/perfume/Maison-Alhambra/Kismet-Angel-79015.html
Bade'e Al Oud Sublime,https://www.fragrantica.com/perfume/Lattafa-Perfumes/Bade-e-Al-Oud-Sublime-83309.html
Fleur de Peau Eau de Parfum,https://www.fragrantica.com/perfume/Diptyque/Fleur-de-Peau-Eau-de-Parfum-48681.html
Bade'e Al Oud Amethyst,https://www.fragrantica.com/perfume/Lattafa-Perfumes/Bade-e-Al-Oud-Amethyst-68214.html
Lovefest Burning Cherry | 48 Eau de Parfum,https://www.fragrantica.com/perfume/Kayali-Fragrances/Lovefest-Burning-Cherry-48-Eau-de-Parfum-75661.html
Vibrato,https://www.fragrantica.com/perfume/Sospiro-Perfumes/Vibrato-75930.html
La Capitale,https://www.fragrantica.com/perfume/Xerjoff/La-Capitale-55782.html
Club de Nuit Sillage,https://www.fragrantica.com/perfume/Armaf/Club-de-Nuit-Sillage-64105.html
Egoiste Platinum,https://www.fragrantica.com/perfume/Chanel/Egoiste-Platinum-614.html
Vanilla Diorama,https://www.fragrantica.com/perfume/Dior/Vanilla-Diorama-68198.html
Aoud Lemon Mint,https://www.fragrantica.com/perfume/Mancera/Aoud-Lemon-Mint-39181.html
Absolu Aventus,https://www.fragrantica.com/perfume/Creed/Absolu-Aventus-84112.html
African Leather,https://www.fragrantica.com/perfume/Memo-Paris/African-Leather-31383.html
La Nuit de L'Homme Bleu Électrique,https://www.fragrantica.com/perfume/Yves-Saint-Laurent/La-Nuit-de-L-Homme-Bleu-Electrique-67997.html
Valentino Uomo Born In Roma Yellow Dream,https://www.fragrantica.com/perfume/Valentino/Valentino-Uomo-Born-In-Roma-Yellow-Dream-64614.html
Sunrise On The Red Sand Dunes,https://www.fragrantica.com/perfume/Zara/Sunrise-On-The-Red-Sand-Dunes-79102.html
Triumph Of Bacchus,https://www.fragrantica.com/perfume/Argos/Triumph-Of-Bacchus-60777.html
Eden Juicy Apple | 01 Eau De Parfum,https://www.fragrantica.com/perfume/Kayali-Fragrances/Eden-Juicy-Apple-01-Eau-De-Parfum-70875.html
XJ 1861 Renaissance,https://www.fragrantica.com/perfume/Xerjoff/XJ-1861-Renaissance-12126.html
Rehab,https://www.fragrantica.com/perfume/Initio-Parfums-Prives/Rehab-50351.html
Bergamask,https://www.fragrantica.com/perfume/Orto-Parisi/Bergamask-24191.html
Ingenious Ginger,https://www.fragrantica.com/perfume/Goldfield-Banks-Australia/Ingenious-Ginger-81895.html
Rouge Smoking,https://www.fragrantica.com/perfume/BDK-Parfums/Rouge-Smoking-51468.html
Phantom,https://www.fragrantica.com/perfume/Rabanne/Phantom-68226.html
Tuscan Leather,https://www.fragrantica.com/perfume/Tom-Ford/Tuscan-Leather-1849.html
Halfeti,https://www.fragrantica.com/perfume/Penhaligon-s/Halfeti-31396.html
9am Dive,https://www.fragrantica.com/perfume/Afnan/9am-Dive-78611.html
Light Blue pour Homme,https://www.fragrantica.com/perfume/Dolce-Gabbana/Light-Blue-pour-Homme-1068.html
Scandal Pour Homme Absolu,https://www.fragrantica.com/perfume/Jean-Paul-Gaultier/Scandal-Pour-Homme-Absolu-91053.html
Armani Code,https://www.fragrantica.com/perfume/Giorgio-Armani/Armani-Code-412.html
Bee,https://www.fragrantica.com/perfume/Zoologist-Perfumes/Bee-58140.html
Gentleman Eau de Parfum,https://www.fragrantica.com/perfume/Givenchy/Gentleman-Eau-de-Parfum-48476.html
Spiritueuse Double Vanille,https://www.fragrantica.com/perfume/Guerlain/Spiritueuse-Double-Vanille-3345.html
Ambassador Men,https://www.fragrantica.com/perfume/Gisada/Ambassador-Men-58226.html
Matcha Meditation,https://www.fragrantica.com/perfume/Maison-Martin-Margiela/Matcha-Meditation-64805.html
Ombré Leather Parfum,https://www.fragrantica.com/perfume/Tom-Ford/Ombre-Leather-Parfum-68716.html
Valentino Uomo Intense,https://www.fragrantica.com/perfume/Valentino/Valentino-Uomo-Intense-38254.html
Legend,https://www.fragrantica.com/perfume/Montblanc/Legend-11784.html
Valentino Uomo Born in Roma Green Stravaganza,https://www.fragrantica.com/perfume/Valentino/Valentino-Uomo-Born-in-Roma-Green-Stravaganza-88989.html
Sauvage Parfum,https://www.fragrantica.com/perfume/Dior/Sauvage-Parfum-56324.html
The Matcha 26,https://www.fragrantica.com/perfume/Le-Labo/The-Matcha-26-69731.html
Vintage Radio,https://www.fragrantica.com/perfume/Lattafa-Perfumes/Vintage-Radio-89454.html
Rolling in Love,https://www.fragrantica.com/perfume/By-Kilian/Rolling-in-Love-56402.html
Bibliothèque,https://www.fragrantica.com/perfume/Byredo/Bibliotheque-43324.html
Moonlight in Heaven,https://www.fragrantica.com/perfume/By-Kilian/Moonlight-in-Heaven-35973.html
Mango Skin,https://www.fragrantica.com/perfume/Vilhelm-Parfumerie/Mango-Skin-49305.html
Pear Inc,https://www.fragrantica.com/perfume/Juliette-Has-A-Gun/Pear-Inc-66120.html
Starlight,https://www.fragrantica.com/perfume/Xerjoff/Starlight-58246.html
Layton Exclusif,https://www.fragrantica.com/perfume/Parfums-de-Marly/Layton-Exclusif-46633.html
Perseus,https://www.fragrantica.com/perfume/Parfums-de-Marly/Perseus-90199.html
The Dreamer,https://www.fragrantica.com/perfume/Versace/The-Dreamer-59417.html
Club de Nuit Milestone,https://www.fragrantica.com/perfume/Armaf/Club-de-Nuit-Milestone-64104.html
Blonde Amber,https://www.fragrantica.com/perfume/Clive-Christian/Blonde-Amber-73595.html
Princess,https://www.fragrantica.com/perfume/By-Kilian/Princess-90174.html
Followed,https://www.fragrantica.com/perfume/Kerosene/Followed-75977.html
Luna Rossa Ocean Eau de Parfum,https://www.fragrantica.com/perfume/Prada/Luna-Rossa-Ocean-Eau-de-Parfum-81280.html
Invictus Parfum,https://www.fragrantica.com/perfume/Rabanne/Invictus-Parfum-90433.html
Joop! Homme,https://www.fragrantica.com/perfume/Joop/Joop-Homme-1251.html
Eau Duelle Eau de Parfum,https://www.fragrantica.com/perfume/Diptyque/Eau-Duelle-Eau-de-Parfum-49100.html
Millésime Impérial,https://www.fragrantica.com/perfume/Creed/Millesime-Imperial-466.html
Cuoium,https://www.fragrantica.com/perfume/Orto-Parisi/Cuoium-69923.html
Club de Nuit Intense Man Parfum,https://www.fragrantica.com/perfume/Armaf/Club-de-Nuit-Intense-Man-Parfum-72842.html
I Don't Need A Prince By My Side To Be A Princess,https://www.fragrantica.com/perfume/By-Kilian/I-Don-t-Need-A-Prince-By-My-Side-To-Be-A-Princess-50497.html
Tygar,https://www.fragrantica.com/perfume/Bvlgari/Tygar-41222.html
Opus XIV – Royal Tobacco,https://www.fragrantica.com/perfume/Amouage/Opus-XIV-Royal-Tobacco-75064.html
London for Men,https://www.fragrantica.com/perfume/Burberry/London-for-Men-804.html
"Rosendo Mateu Nº 5 Floral, Amber, Sensual Musk",https://www.fragrantica.com/perfume/Rosendo-Mateu-Olfactive-Expressions/Rosendo-Mateu-No-5-Floral-Amber-Sensual-Musk-46115.html
Noir de Noir,https://www.fragrantica.com/perfume/Tom-Ford/Noir-de-Noir-1822.html
Soie Malaquais,https://www.fragrantica.com/perfume/Dries-Van-Noten/Soie-Malaquais-72605.html
Asad Zanzibar,https://www.fragrantica.com/perfume/Lattafa-Perfumes/Asad-Zanzibar-90713.html
Invictus Victory,https://www.fragrantica.com/perfume/Rabanne/Invictus-Victory-65177.html
Noir Extreme Parfum,https://www.fragrantica.com/perfume/Tom-Ford/Noir-Extreme-Parfum-75489.html
Inexcusable Evil,https://www.fragrantica.com/perfume/Toskovat/Inexcusable-Evil-75421.html
1 Million Royal,https://www.fragrantica.com/perfume/Rabanne/1-Million-Royal-79159.html
Cherry Punk,https://www.fragrantica.com/perfume/Room-1015/Cherry-Punk-61264.html
Cherry Smoke,https://www.fragrantica.com/perfume/Tom-Ford/Cherry-Smoke-78578.html
Poets of Berlin,https://www.fragrantica.com/perfume/Vilhelm-Parfumerie/Poets-of-Berlin-49306.html
Terre d'Hermes Parfum,https://www.fragrantica.com/perfume/Hermes/Terre-d-Hermes-Parfum-8282.html
Hawas Ice for Him,https://www.fragrantica.com/perfume/Rasasi/Hawas-Ice-for-Him-89050.html
Lune Feline,https://www.fragrantica.com/perfume/Atelier-des-Ors/Lune-Feline-29716.html
Jany,https://www.fragrantica.com/perfume/Sora-Dora/Jany-87648.html
Sailing Day,https://www.fragrantica.com/perfume/Maison-Martin-Margiela/Sailing-Day-47891.html
Jean Lowe Immortal,https://www.fragrantica.com/perfume/Maison-Alhambra/Jean-Lowe-Immortal-83666.html
Missing Person,https://www.fragrantica.com/perfume/Phlur/Missing-Person-72665.html
Interlude Black Iris,https://www.fragrantica.com/perfume/Amouage/Interlude-Black-Iris-60929.html
Silky Woods,https://www.fragrantica.com/perfume/Goldfield-Banks-Australia/Silky-Woods-66766.html
Oud Minérale (2023),https://www.fragrantica.com/perfume/Tom-Ford/Oud-Minerale-2023-88818.html
Fan Your Flames,https://www.fragrantica.com/perfume/Nishane/Fan-Your-Flames-37603.html
L'Homme,https://www.fragrantica.com/perfume/Yves-Saint-Laurent/L-Homme-734.html
Psychedelic Love,https://www.fragrantica.com/perfume/Initio-Parfums-Prives/Psychedelic-Love-45977.html
Divine Vanille,https://www.fragrantica.com/perfume/Essential-Parfums/Divine-Vanille-57088.html
Autumn Vibes,https://www.fragrantica.com/perfume/Maison-Martin-Margiela/Autumn-Vibes-67789.html
Bad Boy,https://www.fragrantica.com/perfume/Carolina-Herrera/Bad-Boy-55449.html
Dear Polly,https://www.fragrantica.com/perfume/Vilhelm-Parfumerie/Dear-Polly-30928.html
212 Men,https://www.fragrantica.com/perfume/Carolina-Herrera/212-Men-297.html
Pacific Rock Moss,https://www.fragrantica.com/perfume/Goldfield-Banks-Australia/Pacific-Rock-Moss-44120.html
Squid,https://www.fragrantica.com/perfume/Zoologist-Perfumes/Squid-56294.html
Drakkar Noir,https://www.fragrantica.com/perfume/Guy-Laroche/Drakkar-Noir-2069.html
Amber Oud Tobacco Edition,https://www.fragrantica.com/perfume/Al-Haramain-Perfumes/Amber-Oud-Tobacco-Edition-55791.html
Tobacolor,https://www.fragrantica.com/perfume/Dior/Tobacolor-65551.html
Shaghaf Oud Tonka,https://www.fragrantica.com/perfume/Swiss-Arabian/Shaghaf-Oud-Tonka-87744.html
Gentleman Society,https://www.fragrantica.com/perfume/Givenchy/Gentleman-Society-78639.html
Khair Pistachio,https://www.fragrantica.com/perfume/Paris-Corner/Khair-Pistachio-92766.html
724,https://www.fragrantica.com/perfume/Maison-Francis-Kurkdjian/724-75754.html
Cruz del Sur II,https://www.fragrantica.com/perfume/Xerjoff/Cruz-del-Sur-II-46098.html
Kenzo Homme Eau de Parfum,https://www.fragrantica.com/perfume/Kenzo/Kenzo-Homme-Eau-de-Parfum-73225.html
Carnal Flower,https://www.fragrantica.com/perfume/Frederic-Malle/Carnal-Flower-1024.html
Unknown Pleasures,https://www.fragrantica.com/perfume/Kerosene/Unknown-Pleasures-17438.html
Pardon,https://www.fragrantica.com/perfume/Nasomatto/Pardon-12130.html
Bottled Absolu,https://www.fragrantica.com/perfume/Hugo-Boss/Bottled-Absolu-96246.html
Mefisto,https://www.fragrantica.com/perfume/Xerjoff/Mefisto-6310.html
Angélique Noire,https://www.fragrantica.com/perfume/Guerlain/Angelique-Noire-1021.html
Whispers in the Library,https://www.fragrantica.com/perfume/Maison-Martin-Margiela/Whispers-in-the-Library-53537.html
Club De Nuit Urban Elixir,https://www.fragrantica.com/perfume/Armaf/Club-De-Nuit-Urban-Elixir-77860.html
Atomic Rose,https://www.fragrantica.com/perfume/Initio-Parfums-Prives/Atomic-Rose-57587.html
From the Garden,https://www.fragrantica.com/perfume/Maison-Martin-Margiela/From-the-Garden-87457.html
02 L'Air du Desert Marocain,https://www.fragrantica.com/perfume/Tauer-Perfumes/02-L-Air-du-Desert-Marocain-4573.html
Ambre Sultan,https://www.fragrantica.com/perfume/Serge-Lutens/Ambre-Sultan-2760.html
Sand Desert At Sunset,https://www.fragrantica.com/perfume/Zara/Sand-Desert-At-Sunset-79100.html
Ani X,https://www.fragrantica.com/perfume/Nishane/Ani-X-80464.html
Angham,https://www.fragrantica.com/perfume/Lattafa-Perfumes/Angham-96768.html
Mmmm...,https://www.fragrantica.com/perfume/Juliette-Has-A-Gun/Mmmm-40461.html
MYSLF Le Parfum,https://www.fragrantica.com/perfume/Yves-Saint-Laurent/MYSLF-Le-Parfum-94983.html
Pi,https://www.fragrantica.com/perfume/Givenchy/Pi-39.html
Yves Saint Laurent Y,https://www.fragrantica.com/perfume/Yves-Saint-Laurent/Yves-Saint-Laurent-Y-45956.html
Marfa,https://www.fragrantica.com/perfume/Memo-Paris/Marfa-37185.html
Jubilation XXV Man,https://www.fragrantica.com/perfume/Amouage/Jubilation-XXV-Man-2366.html
Winter Palace,https://www.fragrantica.com/perfume/Memo-Paris/Winter-Palace-55377.html
Mémoire d’une Odeur,https://www.fragrantica.com/perfume/Gucci/Memoire-d-une-Odeur-56096.html
Gris Dior,https://www.fragrantica.com/perfume/Dior/Gris-Dior-48387.html
Hero Eau de Parfum,https://www.fragrantica.com/perfume/Burberry/Hero-Eau-de-Parfum-75182.html
Ramz Lattafa Silver,https://www.fragrantica.com/perfume/Lattafa-Perfumes/Ramz-Lattafa-Silver-71868.html
Fahrenheit Le Parfum,https://www.fragrantica.com/perfume/Dior/Fahrenheit-Le-Parfum-23099.html
Reflection 45 Man,https://www.fragrantica.com/perfume/Amouage/Reflection-45-Man-69488.html
Afternoon Delight,https://www.fragrantica.com/perfume/Maison-Martin-Margiela/Afternoon-Delight-95923.html
Rabbit,https://www.fragrantica.com/perfume/Zoologist-Perfumes/Rabbit-91167.html
Gentleman Eau de Parfum Boisée,https://www.fragrantica.com/perfume/Givenchy/Gentleman-Eau-de-Parfum-Boisee-59009.html
Starwalker,https://www.fragrantica.com/perfume/Montblanc/Starwalker-4023.html
Ébène Fumé,https://www.fragrantica.com/perfume/Tom-Ford/Ebene-Fume-69008.html
Intoxicated,https://www.fragrantica.com/perfume/By-Kilian/Intoxicated-25991.html
Grey Vetiver,https://www.fragrantica.com/perfume/Tom-Ford/Grey-Vetiver-6697.html
One Umbrella for Two,https://www.fragrantica.com/perfume/Floraiku/One-Umbrella-for-Two-46165.html
Porto Neroli,https://www.fragrantica.com/perfume/Maison-Alhambra/Porto-Neroli-79939.html
Al Nashama Caprice,https://www.fragrantica.com/perfume/Lattafa-Perfumes/Al-Nashama-Caprice-89764.html
Polo Blue,https://www.fragrantica.com/perfume/Ralph-Lauren/Polo-Blue-1198.html
Eros Parfum,https://www.fragrantica.com/perfume/Versace/Eros-Parfum-70090.html
Remember Me,https://www.fragrantica.com/perfume/Jovoy-Paris/Remember-Me-49435.html
Honey Aoud,https://www.fragrantica.com/perfume/Montale/Honey-Aoud-30509.html
Fire At Will,https://www.fragrantica.com/perfume/Jovoy-Paris/Fire-At-Will-70289.html
L'Homme Idéal Extrême,https://www.fragrantica.com/perfume/Guerlain/L-Homme-Ideal-Extreme-60284.html
Sharaf Blend,https://www.fragrantica.com/perfume/Zimaya/Sharaf-Blend-91883.html
Vanilla Woods,https://www.fragrantica.com/perfume/The-7-Virtues/Vanilla-Woods-52560.html
Musamam White Intense,https://www.fragrantica.com/perfume/Lattafa-Perfumes/Musamam-White-Intense-85087.html
Vanilla Skin,https://www.fragrantica.com/perfume/Phlur/Vanilla-Skin-87258.html
Sintra,https://www.fragrantica.com/perfume/Memo-Paris/Sintra-62837.html
Après l’Amour,https://www.fragrantica.com/perfume/Thomas-Kosmala/Apres-l-Amour-53742.html
The Most Wanted Intense,https://www.fragrantica.com/perfume/Azzaro/The-Most-Wanted-Intense-90953.html
Venom Incarnat,https://www.fragrantica.com/perfume/Stephane-Humbert-Lucas-777/Venom-Incarnat-72387.html
New York Nights,https://www.fragrantica.com/perfume/Bond-No-9/New-York-Nights-46057.html
Acqua di Giò Eau de Parfum,https://www.fragrantica.com/perfume/Giorgio-Armani/Acqua-di-Gio-Eau-de-Parfum-71606.html
Penguin,https://www.fragrantica.com/perfume/Zoologist-Perfumes/Penguin-88917.html
Celeste,https://www.fragrantica.com/perfume/Giardini-Di-Toscana/Celeste-64788.html
Écrin de Fumée,https://www.fragrantica.com/perfume/Serge-Lutens/Ecrin-de-Fumee-79576.html
Encre Noire Sport,https://www.fragrantica.com/perfume/Lalique/Encre-Noire-Sport-21369.html
Aventus Cologne,https://www.fragrantica.com/perfume/Creed/Aventus-Cologne-51692.html
Boss The Scent Elixir For Him,https://www.fragrantica.com/perfume/Hugo-Boss/Boss-The-Scent-Elixir-For-Him-88879.html
Dolce Amalfi,https://www.fragrantica.com/perfume/Xerjoff/Dolce-Amalfi-42988.html
Fantomas,https://www.fragrantica.com/perfume/Nasomatto/Fantomas-62775.html
Van Py Rhum,https://www.fragrantica.com/perfume/Lorenzo-Pazzaglia/Van-Py-Rhum-74243.html
Back to Black,https://www.fragrantica.com/perfume/By-Kilian/Back-to-Black-6457.html
Vanille Antique,https://www.fragrantica.com/perfume/Byredo/Vanille-Antique-73438.html
Sugar Leather,https://www.fragrantica.com/perfume/Une-Nuit-Nomade/Sugar-Leather-80482.html
CK One Shock For Him,https://www.fragrantica.com/perfume/Calvin-Klein/CK-One-Shock-For-Him-12520.html
Atlas,https://www.fragrantica.com/perfume/Lattafa-Perfumes/Atlas-89765.html
Eilish No 2,https://www.fragrantica.com/perfume/Billie-Eilish/Eilish-No-2-76532.html
Under The Lemon Tree,https://www.fragrantica.com/perfume/Maison-Martin-Margiela/Under-The-Lemon-Tree-53379.html
Father Figure,https://www.fragrantica.com/perfume/Phlur/Father-Figure-83775.html
Comète,https://www.fragrantica.com/perfume/Chanel/Comete-90434.html
Ginger Biscuit Cologne (2023),https://www.fragrantica.com/perfume/Jo-Malone-London/Ginger-Biscuit-Cologne-2023-87708.html
Utopia Vanilla Coco 21,https://www.fragrantica.com/perfume/Kayali-Fragrances/Utopia-Vanilla-Coco-21-68220.html
L'Homme Idéal Parfum,https://www.fragrantica.com/perfume/Guerlain/L-Homme-Ideal-Parfum-90803.html
212 VIP Black,https://www.fragrantica.com/perfume/Carolina-Herrera/212-VIP-Black-46093.html
Shaghaf Oud,https://www.fragrantica.com/perfume/Swiss-Arabian/Shaghaf-Oud-50582.html
Kenzo Homme Eau de Toilette Intense,https://www.fragrantica.com/perfume/Kenzo/Kenzo-Homme-Eau-de-Toilette-Intense-67899.html
Bohemian Lime,https://www.fragrantica.com/perfume/Goldfield-Banks-Australia/Bohemian-Lime-60923.html
The Blazing Mr Sam,https://www.fragrantica.com/perfume/Penhaligon-s/The-Blazing-Mr-Sam-50255.html
Vanille Havane,https://www.fragrantica.com/perfume/Les-Indemodables/Vanille-Havane-63395.html
Hermann à mes Côtés me Paraissait une Ombre,https://www.fragrantica.com/perfume/Etat-Libre-d-Orange/Hermann-a-mes-Cotes-me-Paraissait-une-Ombre-34730.html
H24,https://www.fragrantica.com/perfume/Hermes/H24-65147.html
Allure Homme Edition Blanche,https://www.fragrantica.com/perfume/Chanel/Allure-Homme-Edition-Blanche-2653.html
Summer Hammer,https://www.fragrantica.com/perfume/Lorenzo-Pazzaglia/Summer-Hammer-81476.html
Fig Infusion,https://www.fragrantica.com/perfume/Essential-Parfums/Fig-Infusion-73092.html
Torino22,https://www.fragrantica.com/perfume/Xerjoff/Torino22-77059.html
Spicebomb Night Vision Eau de Parfum,https://www.fragrantica.com/perfume/Viktor-Rolf/Spicebomb-Night-Vision-Eau-de-Parfum-62253.html
Cool Water Intense,https://www.fragrantica.com/perfume/Davidoff/Cool-Water-Intense-55266.html
Ode To Dullness,https://www.fragrantica.com/perfume/Juliette-Has-A-Gun/Ode-To-Dullness-84757.html
Invictus Platinum,https://www.fragrantica.com/perfume/Rabanne/Invictus-Platinum-72557.html
Missoni Wave,https://www.fragrantica.com/perfume/Missoni/Missoni-Wave-61329.html
Odyssey Mandarin Sky,https://www.fragrantica.com/perfume/Armaf/Odyssey-Mandarin-Sky-83132.html
Dulce,https://www.fragrantica.com/perfume/By-Rosie-Jane/Dulce-79146.html
Gucci Guilty Absolute,https://www.fragrantica.com/perfume/Gucci/Gucci-Guilty-Absolute-43040.html
Coach for Men,https://www.fragrantica.com/perfume/Coach/Coach-for-Men-45343.html
A Whiff of Waffle Cone,https://www.fragrantica.com/perfume/Imaginary-Authors/A-Whiff-of-Waffle-Cone-64228.html
Tubéreuse Astrale,https://www.fragrantica.com/perfume/Maison-Crivelli/Tubereuse-Astrale-90733.html
Promise,https://www.fragrantica.com/perfume/Frederic-Malle/Promise-47332.html
Fresh Cream Warm Cashmere,https://www.fragrantica.com/perfume/Philosophy/Fresh-Cream-Warm-Cashmere-49834.html
Red Tobacco Intense,https://www.fragrantica.com/perfume/Mancera/Red-Tobacco-Intense-84246.html
Club de Nuit Intense Man Limited Edition Parfum,https://www.fragrantica.com/perfume/Armaf/Club-de-Nuit-Intense-Man-Limited-Edition-Parfum-77861.html
Royal Oud,https://www.fragrantica.com/perfume/Creed/Royal-Oud-12317.html
Nefs,https://www.fragrantica.com/perfume/Nishane/Nefs-54786.html
Ana Abiyedh Rouge,https://www.fragrantica.com/perfume/Lattafa-Perfumes/Ana-Abiyedh-Rouge-63062.html
Bad Boy Extreme,https://www.fragrantica.com/perfume/Carolina-Herrera/Bad-Boy-Extreme-78562.html
Cherry Ambition,https://www.fragrantica.com/perfume/The-7-Virtues/Cherry-Ambition-87203.html
Boccanera,https://www.fragrantica.com/perfume/Orto-Parisi/Boccanera-24195.html
Chrome,https://www.fragrantica.com/perfume/Azzaro/Chrome-788.html
Vanille Fatale,https://www.fragrantica.com/perfume/Tom-Ford/Vanille-Fatale-48029.html
Spicebomb Infrared,https://www.fragrantica.com/perfume/Viktor-Rolf/Spicebomb-Infrared-66514.html
Khaltat Night,https://www.fragrantica.com/perfume/Attar-Collection/Khaltat-Night-38133.html
The Tragedy of Lord George,https://www.fragrantica.com/perfume/Penhaligon-s/The-Tragedy-of-Lord-George-40716.html
Un Bois Vanille,https://www.fragrantica.com/perfume/Serge-Lutens/Un-Bois-Vanille-478.html
On A Date,https://www.fragrantica.com/perfume/Maison-Martin-Margiela/On-A-Date-78292.html
Artisan Pure,https://www.fragrantica.com/perfume/John-Varvatos/Artisan-Pure-46623.html
Encens Suave,https://www.fragrantica.com/perfume/Matiere-Premiere/Encens-Suave-59060.html
Individuel,https://www.fragrantica.com/perfume/Montblanc/Individuel-4193.html
Polo,https://www.fragrantica.com/perfume/Ralph-Lauren/Polo-890.html
Molecule 02,https://www.fragrantica.com/perfume/Escentric-Molecules/Molecule-02-3606.html
Oud Satin Mood Extrait de Parfum,https://www.fragrantica.com/perfume/Maison-Francis-Kurkdjian/Oud-Satin-Mood-Extrait-de-Parfum-48463.html
Lamar,https://www.fragrantica.com/perfume/Kajal/Lamar-62571.html
Ana Abiyedh,https://www.fragrantica.com/perfume/Lattafa-Perfumes/Ana-Abiyedh-59149.html
Indigo,https://www.fragrantica.com/perfume/Nest/Indigo-26845.html
Wanted,https://www.fragrantica.com/perfume/Azzaro/Wanted-38686.html
Vanilla Cake,https://www.fragrantica.com/perfume/Montale/Vanilla-Cake-48948.html
La Fille de Berlin,https://www.fragrantica.com/perfume/Serge-Lutens/La-Fille-de-Berlin-17162.html
Guidance 46,https://www.fragrantica.com/perfume/Amouage/Guidance-46-94033.html
Sunset Hour,https://www.fragrantica.com/perfume/Goldfield-Banks-Australia/Sunset-Hour-70950.html
Coromandel Eau de Parfum,https://www.fragrantica.com/perfume/Chanel/Coromandel-Eau-de-Parfum-41783.html
Tam Dao Eau de Parfum,https://www.fragrantica.com/perfume/Diptyque/Tam-Dao-Eau-de-Parfum-49104.html
Harvest Mouse,https://www.fragrantica.com/perfume/Zoologist-Perfumes/Harvest-Mouse-78580.html
Beau De Jour Eau de Parfum,https://www.fragrantica.com/perfume/Tom-Ford/Beau-De-Jour-Eau-de-Parfum-59064.html
Acqua di Giò Profondo Parfum,https://www.fragrantica.com/perfume/Giorgio-Armani/Acqua-di-Gio-Profondo-Parfum-90451.html
CK be,https://www.fragrantica.com/perfume/Calvin-Klein/CK-be-275.html
Tobacco Touch,https://www.fragrantica.com/perfume/Maison-Alhambra/Tobacco-Touch-79943.html
Infinity,https://www.fragrantica.com/perfume/Montale/Infinity-81773.html
Moth,https://www.fragrantica.com/perfume/Zoologist-Perfumes/Moth-49270.html
SpongeBob,https://www.fragrantica.com/perfume/SpongeBob-Squarepants/SpongeBob-28286.html
Ajayeb Dubai Portrait,https://www.fragrantica.com/perfume/Lattafa-Perfumes/Ajayeb-Dubai-Portrait-84222.html
Skin,https://www.fragrantica.com/perfume/Clean/Skin-35244.html
Coffee Addict,https://www.fragrantica.com/perfume/Theodoros-Kalotinis/Coffee-Addict-64660.html
Straight to Heaven,https://www.fragrantica.com/perfume/By-Kilian/Straight-to-Heaven-4323.html
Greenwich Village,https://www.fragrantica.com/perfume/Bond-No-9/Greenwich-Village-54157.html
Feminité du Bois,https://www.fragrantica.com/perfume/Serge-Lutens/Feminite-du-Bois-5749.html
Velvet Tonka,https://www.fragrantica.com/perfume/BDK-Parfums/Velvet-Tonka-68119.html
Toy 2 Pearl,https://www.fragrantica.com/perfume/Moschino/Toy-2-Pearl-84718.html
Raghba,https://www.fragrantica.com/perfume/Lattafa-Perfumes/Raghba-25807.html
L’Homme Idéal,https://www.fragrantica.com/perfume/Guerlain/L-Homme-Ideal-25780.html
Milk +,https://www.fragrantica.com/perfume/Commodity/Milk-70012.html
Quattro Pizzi,https://www.fragrantica.com/perfume/Xerjoff/Quattro-Pizzi-91640.html
Eau de Lacoste L.12.12. White,https://www.fragrantica.com/perfume/Lacoste-Fragrances/Eau-de-Lacoste-L-12-12-White-11043.html
A*Men,https://www.fragrantica.com/perfume/Mugler/A-Men-705.html
Gentleman Society Eau de Parfum Extrême,https://www.fragrantica.com/perfume/Givenchy/Gentleman-Society-Eau-de-Parfum-Extreme-89933.html
Phantom Parfum,https://www.fragrantica.com/perfume/Rabanne/Phantom-Parfum-81927.html
Y Elixir,https://www.fragrantica.com/perfume/Yves-Saint-Laurent/Y-Elixir-90024.html
Dolce&Gabbana Pour Homme (2012),https://www.fragrantica.com/perfume/Dolce-Gabbana/Dolce-Gabbana-Pour-Homme-2012-15336.html
The Omniscient Mr Thompson,https://www.fragrantica.com/perfume/Penhaligon-s/The-Omniscient-Mr-Thompson-84254.html
Ishq Al Shuyukh Gold,https://www.fragrantica.com/perfume/Lattafa-Perfumes/Ishq-Al-Shuyukh-Gold-81121.html
Soleil de Jeddah - Mango Kiss,https://www.fragrantica.com/perfume/Stephane-Humbert-Lucas-777/Soleil-de-Jeddah-Mango-Kiss-81913.html
Awake,https://www.fragrantica.com/perfume/Akro/Awake-51704.html
Nectarine Blossom & Honey,https://www.fragrantica.com/perfume/Jo-Malone-London/Nectarine-Blossom-Honey-3782.html
Valentino Uomo Intense 2021,https://www.fragrantica.com/perfume/Valentino/Valentino-Uomo-Intense-2021-75094.html
Parisian Musc,https://www.fragrantica.com/perfume/Matiere-Premiere/Parisian-Musc-59063.html
Vetiver,https://www.fragrantica.com/perfume/Guerlain/Vetiver-69.html
K by Dolce & Gabbana Eau de Parfum,https://www.fragrantica.com/perfume/Dolce-Gabbana/K-by-Dolce-Gabbana-Eau-de-Parfum-62311.html
Blessed Baraka,https://www.fragrantica.com/perfume/Initio-Parfums-Prives/Blessed-Baraka-30991.html
Black Saffron,https://www.fragrantica.com/perfume/Byredo/Black-Saffron-16220.html
Polo Red,https://www.fragrantica.com/perfume/Ralph-Lauren/Polo-Red-18598.html
Soleil Neige,https://www.fragrantica.com/perfume/Tom-Ford/Soleil-Neige-56737.html
Eau d'Ombré Leather,https://www.fragrantica.com/perfume/Tom-Ford/Eau-d-Ombre-Leather-95389.html
Kouros,https://www.fragrantica.com/perfume/Yves-Saint-Laurent/Kouros-735.html
White Rice,https://www.fragrantica.com/perfume/d-Annam/White-Rice-89243.html
Borabora,https://www.fragrantica.com/perfume/Giardini-Di-Toscana/Borabora-81632.html
Lust for Sun,https://www.fragrantica.com/perfume/Juliette-Has-A-Gun/Lust-for-Sun-80004.html
Cuir Béluga,https://www.fragrantica.com/perfume/Guerlain/Cuir-Beluga-1019.html
Sticky Dates,https://www.fragrantica.com/perfume/Lush/Sticky-Dates-88995.html
Rose Of No Man's Land,https://www.fragrantica.com/perfume/Byredo/Rose-Of-No-Man-s-Land-31931.html
Valentino Uomo,https://www.fragrantica.com/perfume/Valentino/Valentino-Uomo-19558.html
Bad Boy Le Parfum,https://www.fragrantica.com/perfume/Carolina-Herrera/Bad-Boy-Le-Parfum-65718.html
H24 Herbes Vives,https://www.fragrantica.com/perfume/Hermes/H24-Herbes-Vives-89146.html
Bright Peach,https://www.fragrantica.com/perfume/Maison-Alhambra/Bright-Peach-79937.html
Lovely Chèrie,https://www.fragrantica.com/perfume/Maison-Alhambra/Lovely-Cherie-79944.html
Fat Electrician Semi-Modern Vetiver,https://www.fragrantica.com/perfume/Etat-Libre-d-Orange/Fat-Electrician-Semi-Modern-Vetiver-7139.html
Sand Dance,https://www.fragrantica.com/perfume/Stephane-Humbert-Lucas-777/Sand-Dance-72384.html
Luna,https://www.fragrantica.com/perfume/Penhaligon-s/Luna-38351.html
Animalique,https://www.fragrantica.com/perfume/Byredo/Animalique-85157.html
Acqua di Parma Blu Mediterraneo - Mandorlo di Sicilia,https://www.fragrantica.com/perfume/Acqua-di-Parma/Acqua-di-Parma-Blu-Mediterraneo-Mandorlo-di-Sicilia-1688.html
Club de Nuit Precieux,https://www.fragrantica.com/perfume/Armaf/Club-de-Nuit-Precieux-93272.html
Gucci Guilty Pour Homme Parfum,https://www.fragrantica.com/perfume/Gucci/Gucci-Guilty-Pour-Homme-Parfum-71378.html
Allure Homme Edition Blanche Eau de Parfum,https://www.fragrantica.com/perfume/Chanel/Allure-Homme-Edition-Blanche-Eau-de-Parfum-28942.html
Acqua di Giò Absolu,https://www.fragrantica.com/perfume/Giorgio-Armani/Acqua-di-Gio-Absolu-48138.html
Encelade,https://www.fragrantica.com/perfume/Marc-Antoine-Barrois/Encelade-74121.html
Jubilation 40 Man,https://www.fragrantica.com/perfume/Amouage/Jubilation-40-Man-87958.html
Wavechild,https://www.fragrantica.com/perfume/Room-1015/Wavechild-91364.html
4711 Original Eau de Cologne,https://www.fragrantica.com/perfume/4711/4711-Original-Eau-de-Cologne-3256.html
Armani Code Absolu,https://www.fragrantica.com/perfume/Giorgio-Armani/Armani-Code-Absolu-53106.html
Philosykos Eau de Toilette,https://www.fragrantica.com/perfume/Diptyque/Philosykos-Eau-de-Toilette-72040.html
La Yuqawam Homme,https://www.fragrantica.com/perfume/Rasasi/La-Yuqawam-Homme-19668.html
Beach Hut Man,https://www.fragrantica.com/perfume/Amouage/Beach-Hut-Man-46336.html
Hayaati,https://www.fragrantica.com/perfume/Lattafa-Perfumes/Hayaati-75902.html
Aqua Allegoria Forte Bosca Vanilla,https://www.fragrantica.com/perfume/Guerlain/Aqua-Allegoria-Forte-Bosca-Vanilla-83152.html
Blamage,https://www.fragrantica.com/perfume/Nasomatto/Blamage-25575.html
Un Jardin à Cythère,https://www.fragrantica.com/perfume/Hermes/Un-Jardin-a-Cythere-79225.html
More Than Words,https://www.fragrantica.com/perfume/Xerjoff/More-Than-Words-16450.html
Vanilla Royale Sugared Patchouli | 64 Eau De Parfum Intense,https://www.fragrantica.com/perfume/Kayali-Fragrances/Vanilla-Royale-Sugared-Patchouli-64-Eau-De-Parfum-Intense-77430.html
Boss The Scent,https://www.fragrantica.com/perfume/Hugo-Boss/Boss-The-Scent-31445.html
Legend Eau de Parfum,https://www.fragrantica.com/perfume/Montblanc/Legend-Eau-de-Parfum-62583.html
Hermessence Ambre Narguile,https://www.fragrantica.com/perfume/Hermes/Hermessence-Ambre-Narguile-2669.html
Tyrannosaurus Rex,https://www.fragrantica.com/perfume/Zoologist-Perfumes/Tyrannosaurus-Rex-51353.html
Polo 67,https://www.fragrantica.com/perfume/Ralph-Lauren/Polo-67-90347.html
The Moon,https://www.fragrantica.com/perfume/Frederic-Malle/The-Moon-56095.html
PINK MOLéCULE 090.09,https://www.fragrantica.com/perfume/ZARKOPERFUME/PINK-MOLeCULE-090-09-25474.html
Invite Only Amber | 23,https://www.fragrantica.com/perfume/Kayali-Fragrances/Invite-Only-Amber-23-68958.html
Wulong Cha X,https://www.fragrantica.com/perfume/Nishane/Wulong-Cha-X-80465.html
Do Son Eau de Parfum,https://www.fragrantica.com/perfume/Diptyque/Do-Son-Eau-de-Parfum-49098.html
Habit Rouge Parfum,https://www.fragrantica.com/perfume/Guerlain/Habit-Rouge-Parfum-90802.html
Viride,https://www.fragrantica.com/perfume/Orto-Parisi/Viride-24193.html
L'orpheline,https://www.fragrantica.com/perfume/Serge-Lutens/L-orpheline-26214.html
Ristretto Intense Café,https://www.fragrantica.com/perfume/Montale/Ristretto-Intense-Cafe-55001.html
Explorer Platinum,https://www.fragrantica.com/perfume/Montblanc/Explorer-Platinum-81392.html
Lafayette Street,https://www.fragrantica.com/perfume/Bond-No-9/Lafayette-Street-51742.html
Coach Green,https://www.fragrantica.com/perfume/Coach/Coach-Green-81391.html
Frustration,https://www.fragrantica.com/perfume/Etat-Libre-d-Orange/Frustration-71611.html
Sadonaso,https://www.fragrantica.com/perfume/Nasomatto/Sadonaso-80076.html
Memoirs Of A Trespasser,https://www.fragrantica.com/perfume/Imaginary-Authors/Memoirs-Of-A-Trespasser-16545.html
Touch for Men,https://www.fragrantica.com/perfume/Burberry/Touch-for-Men-815.html
Versace Pour Homme Oud Noir,https://www.fragrantica.com/perfume/Versace/Versace-Pour-Homme-Oud-Noir-17338.html
Costa Azzurra,https://www.fragrantica.com/perfume/Tom-Ford/Costa-Azzurra-64617.html
Eau de Soleil Blanc,https://www.fragrantica.com/perfume/Tom-Ford/Eau-de-Soleil-Blanc-48152.html
Un Jardin en Méditerranée,https://www.fragrantica.com/perfume/Hermes/Un-Jardin-en-Mediterranee-19.html
Eternity For Men,https://www.fragrantica.com/perfume/Calvin-Klein/Eternity-For-Men-258.html
Cow,https://www.fragrantica.com/perfume/Zoologist-Perfumes/Cow-72365.html
Le Lion Eau de Parfum,https://www.fragrantica.com/perfume/Chanel/Le-Lion-Eau-de-Parfum-61036.html
City Of Stars,https://www.fragrantica.com/perfume/Louis-Vuitton/City-Of-Stars-73344.html
Iris Malikhân,https://www.fragrantica.com/perfume/Maison-Crivelli/Iris-Malikhan-62617.html
Scarlet Poppy Intense,https://www.fragrantica.com/perfume/Jo-Malone-London/Scarlet-Poppy-Intense-64551.html
Blue Seduction,https://www.fragrantica.com/perfume/Antonio-Banderas/Blue-Seduction-1088.html
Uomo Salvatore Ferragamo Signature,https://www.fragrantica.com/perfume/Salvatore-Ferragamo/Uomo-Salvatore-Ferragamo-Signature-50797.html
Mixed Emotions,https://www.fragrantica.com/perfume/Byredo/Mixed-Emotions-65525.html
Pegasus Exclusif,https://www.fragrantica.com/perfume/Parfums-de-Marly/Pegasus-Exclusif-63100.html
Bloody Wood,https://www.fragrantica.com/perfume/Les-Liquides-Imaginaires/Bloody-Wood-23082.html
A*Men Pure Havane,https://www.fragrantica.com/perfume/Mugler/A-Men-Pure-Havane-11444.html
L'Eau d'Hiver,https://www.fragrantica.com/perfume/Frederic-Malle/L-Eau-d-Hiver-2797.html
Apollonia,https://www.fragrantica.com/perfume/Xerjoff/Apollonia-55970.html
Tommy,https://www.fragrantica.com/perfume/Tommy-Hilfiger/Tommy-6314.html
Accento,https://www.fragrantica.com/perfume/Xerjoff/Accento-55156.html
Azzaro pour Homme,https://www.fragrantica.com/perfume/Azzaro/Azzaro-pour-Homme-829.html
Let The Good Times Roll,https://www.fragrantica.com/perfume/Lush/Let-The-Good-Times-Roll-60072.html
Gentleman Eau de Toilette Intense,https://www.fragrantica.com/perfume/Givenchy/Gentleman-Eau-de-Toilette-Intense-65051.html
Aqua Media Cologne Forte,https://www.fragrantica.com/perfume/Maison-Francis-Kurkdjian/Aqua-Media-Cologne-Forte-82030.html
Happy Dust,https://www.fragrantica.com/perfume/Narcotica/Happy-Dust-88451.html
L'eau de Parfum,https://www.fragrantica.com/perfume/Cirque-du-Soleil/L-eau-de-Parfum-92656.html
Ambassador Intense,https://www.fragrantica.com/perfume/Gisada/Ambassador-Intense-76636.html
Clinique Happy,https://www.fragrantica.com/perfume/Clinique/Clinique-Happy-373.html
Pear Gelato,https://www.fragrantica.com/perfume/Theodoros-Kalotinis/Pear-Gelato-92249.html
Lord of Misrule,https://www.fragrantica.com/perfume/Lush/Lord-of-Misrule-29173.html
Bergamote 22,https://www.fragrantica.com/perfume/Le-Labo/Bergamote-22-6327.html
Mandarino di Amalfi,https://www.fragrantica.com/perfume/Tom-Ford/Mandarino-di-Amalfi-25481.html
Essenza di Colonia,https://www.fragrantica.com/perfume/Acqua-di-Parma/Essenza-di-Colonia-9829.html
Burlington 1819,https://www.fragrantica.com/perfume/Roja-Dove/Burlington-1819-62320.html
Soft,https://www.fragrantica.com/perfume/Al-Rehab/Soft-20116.html
Debaser,https://www.fragrantica.com/perfume/DS-Durga/Debaser-29736.html
Old Fashioned,https://www.fragrantica.com/perfume/By-Kilian/Old-Fashioned-96096.html
Obsession for Men,https://www.fragrantica.com/perfume/Calvin-Klein/Obsession-for-Men-249.html
Electric Cherry,https://www.fragrantica.com/perfume/Tom-Ford/Electric-Cherry-78583.html
Casablanca,https://www.fragrantica.com/perfume/Swiss-Arabian/Casablanca-42181.html
Vanille Planifolia Extrait 21,https://www.fragrantica.com/perfume/Guerlain/Vanille-Planifolia-Extrait-21-87539.html
You Doux,https://www.fragrantica.com/perfume/Glossier/You-Doux-97605.html
Seminalis,https://www.fragrantica.com/perfume/Orto-Parisi/Seminalis-38293.html
Prada L'Homme L'Eau,https://www.fragrantica.com/perfume/Prada/Prada-L-Homme-L-Eau-46400.html
Uden,https://www.fragrantica.com/perfume/Xerjoff/Uden-6306.html
Black Orchid Parfum,https://www.fragrantica.com/perfume/Tom-Ford/Black-Orchid-Parfum-62199.html
Le Sel d’Issey,https://www.fragrantica.com/perfume/Issey-Miyake/Le-Sel-d-Issey-95642.html
You Rêve,https://www.fragrantica.com/perfume/Glossier/You-Reve-97604.html
Météore,https://www.fragrantica.com/perfume/Louis-Vuitton/Meteore-62251.html
Viking,https://www.fragrantica.com/perfume/Creed/Viking-41698.html
Spectre Ghost,https://www.fragrantica.com/perfume/French-Avenue/Spectre-Ghost-94697.html
1 Million Privé,https://www.fragrantica.com/perfume/Rabanne/1-Million-Prive-37698.html
Dom Rosa,https://www.fragrantica.com/perfume/Les-Liquides-Imaginaires/Dom-Rosa-23083.html
Limitless Shopping Via della Spiga,https://www.fragrantica.com/perfume/Trussardi/Limitless-Shopping-Via-della-Spiga-59826.html
Rose Prick,https://www.fragrantica.com/perfume/Tom-Ford/Rose-Prick-58781.html
Narciso Rodriguez for Him Bleu Noir Parfum,https://www.fragrantica.com/perfume/Narciso-Rodriguez/Narciso-Rodriguez-for-Him-Bleu-Noir-Parfum-71783.html
L’Homme Idéal Platine Privé,https://www.fragrantica.com/perfume/Guerlain/L-Homme-Ideal-Platine-Prive-80691.html
H24 Eau de Parfum,https://www.fragrantica.com/perfume/Hermes/H24-Eau-de-Parfum-75811.html
Remarkable People,https://www.fragrantica.com/perfume/Etat-Libre-d-Orange/Remarkable-People-30504.html
Blue Madeleine,https://www.fragrantica.com/perfume/Atelier-des-Ors/Blue-Madeleine-92071.html
Black Tie,https://www.fragrantica.com/perfume/Celine/Black-Tie-57925.html
Sicily,https://www.fragrantica.com/perfume/Mancera/Sicily-42670.html
Black Sea,https://www.fragrantica.com/perfume/Lorenzo-Pazzaglia/Black-Sea-69652.html
Intense Oud,https://www.fragrantica.com/perfume/Gucci/Intense-Oud-32743.html
Nio,https://www.fragrantica.com/perfume/Xerjoff/Nio-10244.html
Oceania,https://www.fragrantica.com/perfume/Roja-Dove/Oceania-57385.html
Enclave,https://www.fragrantica.com/perfume/Amouage/Enclave-62856.html
Cassiopea,https://www.fragrantica.com/perfume/Tiziana-Terenzi/Cassiopea-30624.html
Acqua di Parma Blu Mediterraneo Arancia di Capri,https://www.fragrantica.com/perfume/Acqua-di-Parma/Acqua-di-Parma-Blu-Mediterraneo-Arancia-di-Capri-1685.html
Not A Perfume Superdose,https://www.fragrantica.com/perfume/Juliette-Has-A-Gun/Not-A-Perfume-Superdose-56679.html
Eau Sauvage,https://www.fragrantica.com/perfume/Dior/Eau-Sauvage-231.html
French Defense,https://www.fragrantica.com/perfume/Mind-Games/French-Defense-88867.html
Cocaïne,https://www.fragrantica.com/perfume/Franck-Boclet/Cocaine-44128.html
Sceptre Malachite,https://www.fragrantica.com/perfume/Maison-Alhambra/Sceptre-Malachite-94163.html
Panettone,https://www.fragrantica.com/perfume/Milano-Fragranze/Panettone-71006.html
Fille en Aiguilles,https://www.fragrantica.com/perfume/Serge-Lutens/Fille-en-Aiguilles-6619.html
Malibu - Party in the Bay,https://www.fragrantica.com/perfume/Simone-Andreoli/Malibu-Party-in-the-Bay-49244.html
Crème de Cuir,https://www.fragrantica.com/perfume/BDK-Parfums/Creme-de-Cuir-51469.html
Egoiste,https://www.fragrantica.com/perfume/Chanel/Egoiste-613.html
K by Dolce & Gabbana,https://www.fragrantica.com/perfume/Dolce-Gabbana/K-by-Dolce-Gabbana-56358.html
Turmeric Latte Perfume,https://www.fragrantica.com/perfume/Lush/Turmeric-Latte-Perfume-72229.html
Cape Heartache,https://www.fragrantica.com/perfume/Imaginary-Authors/Cape-Heartache-22477.html
Tobacco,https://www.fragrantica.com/perfume/Franck-Boclet/Tobacco-29147.html
Ajwad,https://www.fragrantica.com/perfume/Lattafa-Perfumes/Ajwad-75099.html
Emporio Armani Stronger With You Tobacco,https://www.fragrantica.com/perfume/Giorgio-Armani/Emporio-Armani-Stronger-With-You-Tobacco-90333.html
Isola Blu,https://www.fragrantica.com/perfume/Roja-Dove/Isola-Blu-80177.html
Loewe 7 Cobalt,https://www.fragrantica.com/perfume/Loewe/Loewe-7-Cobalt-66229.html
Holidays,https://www.fragrantica.com/perfume/Mancera/Holidays-42888.html
Elysium Pour Homme Eau Intense,https://www.fragrantica.com/perfume/Roja-Dove/Elysium-Pour-Homme-Eau-Intense-81839.html
Springtime in a Park,https://www.fragrantica.com/perfume/Maison-Martin-Margiela/Springtime-in-a-Park-55927.html
Sauvage Eau Forte,https://www.fragrantica.com/perfume/Dior/Sauvage-Eau-Forte-95863.html
Irish Leather,https://www.fragrantica.com/perfume/Memo-Paris/Irish-Leather-18393.html
Encre Indigo,https://www.fragrantica.com/perfume/Lalique/Encre-Indigo-87291.html
Sehr,https://www.fragrantica.com/perfume/Lattafa-Perfumes/Sehr-94967.html
King,https://www.fragrantica.com/perfume/Bharara/King-74184.html
Secretions Magnifiques,https://www.fragrantica.com/perfume/Etat-Libre-d-Orange/Secretions-Magnifiques-4523.html
CH Men,https://www.fragrantica.com/perfume/Carolina-Herrera/CH-Men-6759.html
Pas Ce Soir Extrait,https://www.fragrantica.com/perfume/BDK-Parfums/Pas-Ce-Soir-Extrait-83663.html
Affection,https://www.fragrantica.com/perfume/Lattafa-Perfumes/Affection-92183.html
Insurrection II Wild,https://www.fragrantica.com/perfume/Reyane-Tradition/Insurrection-II-Wild-30721.html
Acqua di Parma Colonia,https://www.fragrantica.com/perfume/Acqua-di-Parma/Acqua-di-Parma-Colonia-1681.html
Light Blue Forever pour Homme,https://www.fragrantica.com/perfume/Dolce-Gabbana/Light-Blue-Forever-pour-Homme-66556.html
Un Jardin Sur Le Toit,https://www.fragrantica.com/perfume/Hermes/Un-Jardin-Sur-Le-Toit-11502.html
Blue Moon Ginger Dash,https://www.fragrantica.com/perfume/By-Kilian/Blue-Moon-Ginger-Dash-79731.html
Psychedelique,https://www.fragrantica.com/perfume/Jovoy-Paris/Psychedelique-13462.html
Pure XS,https://www.fragrantica.com/perfume/Rabanne/Pure-XS-46038.html
212 VIP Men,https://www.fragrantica.com/perfume/Carolina-Herrera/212-VIP-Men-12865.html
The Dark Side,https://www.fragrantica.com/perfume/Francesca-Bianchi/The-Dark-Side-40884.html
Duchessa,https://www.fragrantica.com/perfume/Gritti/Duchessa-63729.html
Vanille Leather,https://www.fragrantica.com/perfume/BDK-Parfums/Vanille-Leather-82783.html
Hayati,https://www.fragrantica.com/perfume/Attar-Collection/Hayati-50344.html
Tobacco Collection Rich Warm Addictive 2021,https://www.fragrantica.com/perfume/Zara/Tobacco-Collection-Rich-Warm-Addictive-2021-69134.html
Boss Bottled Night,https://www.fragrantica.com/perfume/Hugo-Boss/Boss-Bottled-Night-8825.html
Snowy Owl,https://www.fragrantica.com/perfume/Zoologist-Perfumes/Snowy-Owl-64381.html
Thé Yulong,https://www.fragrantica.com/perfume/Giorgio-Armani/The-Yulong-58907.html
Declaration,https://www.fragrantica.com/perfume/Cartier/Declaration-307.html
Rose 31,https://www.fragrantica.com/perfume/Le-Labo/Rose-31-3678.html
Hindu Kush,https://www.fragrantica.com/perfume/Mancera/Hindu-Kush-49030.html
Blockade,https://www.fragrantica.com/perfume/Mind-Games/Blockade-76717.html
Ambre Nuit,https://www.fragrantica.com/perfume/Dior/Ambre-Nuit-48395.html
Sun-gria,https://www.fragrantica.com/perfume/Lorenzo-Pazzaglia/Sun-gria-90748.html
Spicebomb Infrared Eau de Parfum,https://www.fragrantica.com/perfume/Viktor-Rolf/Spicebomb-Infrared-Eau-de-Parfum-81409.html
Lucky Candy,https://www.fragrantica.com/perfume/Montale/Lucky-Candy-87365.html
Supreme Vanilla,https://www.fragrantica.com/perfume/Zara/Supreme-Vanilla-85039.html
Roses on Ice,https://www.fragrantica.com/perfume/By-Kilian/Roses-on-Ice-62616.html
Leisure in Paradise,https://www.fragrantica.com/perfume/Simone-Andreoli/Leisure-in-Paradise-61927.html
L'Aventure,https://www.fragrantica.com/perfume/Al-Haramain-Perfumes/L-Aventure-40405.html
Vanagloria,https://www.fragrantica.com/perfume/Laboratorio-Olfattivo/Vanagloria-66238.html
Le Male Lover,https://www.fragrantica.com/perfume/Jean-Paul-Gaultier/Le-Male-Lover-89720.html
Comme des Garcons 2,https://www.fragrantica.com/perfume/Comme-des-Garcons/Comme-des-Garcons-2-390.html
Passeggiata In Galleria Vittorio Emanuele II,https://www.fragrantica.com/perfume/Trussardi/Passeggiata-In-Galleria-Vittorio-Emanuele-II-59827.html
Crumb Couture,https://www.fragrantica.com/perfume/Snif/Crumb-Couture-82624.html
Dirty Rice,https://www.fragrantica.com/perfume/BORNTOSTANDOUT/Dirty-Rice-78862.html
Hero,https://www.fragrantica.com/perfume/Burberry/Hero-68627.html
Kalan,https://www.fragrantica.com/perfume/Parfums-de-Marly/Kalan-56036.html
TriBeCa,https://www.fragrantica.com/perfume/Bond-No-9/TriBeCa-59904.html
Fève Délicieuse,https://www.fragrantica.com/perfume/Dior/Feve-Delicieuse-30164.html
Fierce,https://www.fragrantica.com/perfume/Abercrombie-Fitch/Fierce-3508.html
Crystal Saffron,https://www.fragrantica.com/perfume/Matiere-Premiere/Crystal-Saffron-76131.html
Polo Blue Eau de Parfum,https://www.fragrantica.com/perfume/Ralph-Lauren/Polo-Blue-Eau-de-Parfum-38051.html
Boss The Scent For Him Magnetic,https://www.fragrantica.com/perfume/Hugo-Boss/Boss-The-Scent-For-Him-Magnetic-78424.html
French Coffee,https://www.fragrantica.com/perfume/Al-Rehab/French-Coffee-78016.html
Anarchist A-,https://www.fragrantica.com/perfume/Toskovat/Anarchist-A-78326.html
Icon,https://www.fragrantica.com/perfume/Alfred-Dunhill/Icon-29229.html
Kayaan Classic,https://www.fragrantica.com/perfume/Al-Wataniah/Kayaan-Classic-82472.html
Armani Code Profumo,https://www.fragrantica.com/perfume/Giorgio-Armani/Armani-Code-Profumo-34761.html
Armani Prive Rouge Malachite,https://www.fragrantica.com/perfume/Giorgio-Armani/Armani-Prive-Rouge-Malachite-34589.html
Sartorial,https://www.fragrantica.com/perfume/Penhaligon-s/Sartorial-10559.html
Sugar Kisses,https://www.fragrantica.com/perfume/Lorenzo-Pazzaglia/Sugar-Kisses-88326.html
Terre D'Hermes Eau Intense Vetiver,https://www.fragrantica.com/perfume/Hermes/Terre-D-Hermes-Eau-Intense-Vetiver-50672.html
American Cream,https://www.fragrantica.com/perfume/Lush/American-Cream-10798.html
Fresh Cream,https://www.fragrantica.com/perfume/Philosophy/Fresh-Cream-17774.html
Antaeus,https://www.fragrantica.com/perfume/Chanel/Antaeus-616.html
L'Eau d'Issey Pour Homme Intense,https://www.fragrantica.com/perfume/Issey-Miyake/L-Eau-d-Issey-Pour-Homme-Intense-1998.html
La Fin Du Monde,https://www.fragrantica.com/perfume/Etat-Libre-d-Orange/La-Fin-Du-Monde-20448.html
Fabulo Intense,https://www.fragrantica.com/perfume/Maison-Alhambra/Fabulo-Intense-79938.html
Teriaq Intense,https://www.fragrantica.com/perfume/Lattafa-Perfumes/Teriaq-Intense-99586.html
Acne Studios,https://www.fragrantica.com/perfume/Frederic-Malle/Acne-Studios-91209.html
Allure Homme,https://www.fragrantica.com/perfume/Chanel/Allure-Homme-523.html
Oud Mood,https://www.fragrantica.com/perfume/Lattafa-Perfumes/Oud-Mood-46814.html
Fenty,https://www.fragrantica.com/perfume/Fenty/Fenty-68677.html
Bois Doré,https://www.fragrantica.com/perfume/Van-Cleef-Arpels/Bois-Dore-44864.html
Duro,https://www.fragrantica.com/perfume/Nasomatto/Duro-4291.html
Eyes Closed,https://www.fragrantica.com/perfume/Byredo/Eyes-Closed-76339.html
Hypnotic Vanilla,https://www.fragrantica.com/perfume/Zara/Hypnotic-Vanilla-85038.html
Comme des Garcons Series 3 Incense: Avignon,https://www.fragrantica.com/perfume/Comme-des-Garcons/Comme-des-Garcons-Series-3-Incense-Avignon-1230.html
Aqva Pour Homme,https://www.fragrantica.com/perfume/Bvlgari/Aqva-Pour-Homme-153.html
Woody Oud,https://www.fragrantica.com/perfume/Maison-Alhambra/Woody-Oud-79940.html
Narciso Rodriguez for Him Bleu Noir Eau de Parfum,https://www.fragrantica.com/perfume/Narciso-Rodriguez/Narciso-Rodriguez-for-Him-Bleu-Noir-Eau-de-Parfum-47950.html
Bad Boy Cobalt Elixir,https://www.fragrantica.com/perfume/Carolina-Herrera/Bad-Boy-Cobalt-Elixir-89374.html
Nice Bergamote,https://www.fragrantica.com/perfume/Essential-Parfums/Nice-Bergamote-50789.html
Ebony Wood,https://www.fragrantica.com/perfume/Zara/Ebony-Wood-58157.html
Gold,https://www.fragrantica.com/perfume/Commodity/Gold-71608.html
Five O'Clock Au Gingembre,https://www.fragrantica.com/perfume/Serge-Lutens/Five-O-Clock-Au-Gingembre-2764.html
4. Montabaco Intensivo,https://www.fragrantica.com/perfume/Ormonde-Jayne/4-Montabaco-Intensivo-67775.html
Pink Boa,https://www.fragrantica.com/perfume/Stephane-Humbert-Lucas-777/Pink-Boa-75021.html
Jump Up And Kiss Me Hedonistic (2021),https://www.fragrantica.com/perfume/Clive-Christian/Jump-Up-And-Kiss-Me-Hedonistic-2021-70767.html
Carioca Heart,https://www.fragrantica.com/perfume/Jusbox/Carioca-Heart-85950.html
Pink Me Up,https://www.fragrantica.com/perfume/Atelier-des-Ors/Pink-Me-Up-76834.html
Angel Dust,https://www.fragrantica.com/perfume/Fugazzi/Angel-Dust-73921.html
Oud Malaki,https://www.fragrantica.com/perfume/Chopard/Oud-Malaki-17184.html
Shaghaf Oud Azraq,https://www.fragrantica.com/perfume/Swiss-Arabian/Shaghaf-Oud-Azraq-82383.html
Hacivat X,https://www.fragrantica.com/perfume/Nishane/Hacivat-X-80462.html
Creme Brûlée,https://www.fragrantica.com/perfume/Theodoros-Kalotinis/Creme-Brulee-92255.html
Allure Homme Sport Superleggera,https://www.fragrantica.com/perfume/Chanel/Allure-Homme-Sport-Superleggera-95753.html
Vanilla Musk,https://www.fragrantica.com/perfume/Nemat-International/Vanilla-Musk-43554.html
Overture Man,https://www.fragrantica.com/perfume/Amouage/Overture-Man-55859.html
Vibrant Leather Eau de Parfum,https://www.fragrantica.com/perfume/Zara/Vibrant-Leather-Eau-de-Parfum-50122.html
Santal Blanc,https://www.fragrantica.com/perfume/Van-Cleef-Arpels/Santal-Blanc-55226.html
Musc K,https://www.fragrantica.com/perfume/Ella-K-Parfums/Musc-K-84119.html
Nitro Red,https://www.fragrantica.com/perfume/Dumont/Nitro-Red-73023.html
Sonic Flower,https://www.fragrantica.com/perfume/Room-1015/Sonic-Flower-80011.html
The Kingdom,https://www.fragrantica.com/perfume/Lattafa-Perfumes/The-Kingdom-97995.html
Lemon Tart,https://www.fragrantica.com/perfume/Theodoros-Kalotinis/Lemon-Tart-81970.html
This is Him,https://www.fragrantica.com/perfume/Zadig-Voltaire/This-is-Him-39359.html
Daarej pour Homme,https://www.fragrantica.com/perfume/Rasasi/Daarej-pour-Homme-19688.html
The Musc,https://www.fragrantica.com/perfume/Essential-Parfums/The-Musc-50790.html
Polo Black,https://www.fragrantica.com/perfume/Ralph-Lauren/Polo-Black-1197.html
Molecule 01 + Iris,https://www.fragrantica.com/perfume/Escentric-Molecules/Molecule-01-Iris-66048.html
Zino Davidoff,https://www.fragrantica.com/perfume/Davidoff/Zino-Davidoff-590.html
Pulp,https://www.fragrantica.com/perfume/Byredo/Pulp-3576.html
Queening,https://www.fragrantica.com/perfume/Mind-Games/Queening-89898.html
Cherry Ink,https://www.fragrantica.com/perfume/Lorenzo-Pazzaglia/Cherry-Ink-78278.html
Galloway,https://www.fragrantica.com/perfume/Parfums-de-Marly/Galloway-23271.html
Carved Oud,https://www.fragrantica.com/perfume/Thameen/Carved-Oud-20509.html
312 Saint-Honoré,https://www.fragrantica.com/perfume/BDK-Parfums/312-Saint-Honore-89642.html
Under the Stars,https://www.fragrantica.com/perfume/Maison-Martin-Margiela/Under-the-Stars-83774.html
Tobacco Oud,https://www.fragrantica.com/perfume/Tom-Ford/Tobacco-Oud-21402.html
Sweet Diamond Pink Pepper 25,https://www.fragrantica.com/perfume/Kayali-Fragrances/Sweet-Diamond-Pink-Pepper-25-67023.html
Experimentum Crucis,https://www.fragrantica.com/perfume/Etat-Libre-d-Orange/Experimentum-Crucis-54453.html
Dolce Melodia,https://www.fragrantica.com/perfume/Sospiro-Perfumes/Dolce-Melodia-81490.html
French Lover,https://www.fragrantica.com/perfume/Frederic-Malle/French-Lover-1022.html
Qaa'ed,https://www.fragrantica.com/perfume/Lattafa-Perfumes/Qaa-ed-64949.html
Y Eau de Toilette,https://www.fragrantica.com/perfume/Yves-Saint-Laurent/Y-Eau-de-Toilette-73440.html
Lime Basil & Mandarin,https://www.fragrantica.com/perfume/Jo-Malone-London/Lime-Basil-Mandarin-5585.html
Odyssey Homme,https://www.fragrantica.com/perfume/Armaf/Odyssey-Homme-64464.html
Wet Cherry Liquor,https://www.fragrantica.com/perfume/Bohoboco/Wet-Cherry-Liquor-74151.html
Rifaaqat,https://www.fragrantica.com/perfume/Paris-Corner/Rifaaqat-99060.html
Amber Oud Aqua Dubai,https://www.fragrantica.com/perfume/Al-Haramain-Perfumes/Amber-Oud-Aqua-Dubai-96482.html
Acqua di Sale,https://www.fragrantica.com/perfume/Profumum-Roma/Acqua-di-Sale-3886.html
Luna Rossa,https://www.fragrantica.com/perfume/Prada/Luna-Rossa-15754.html
Kenzo Homme Marine,https://www.fragrantica.com/perfume/Kenzo/Kenzo-Homme-Marine-80042.html
Exit The King,https://www.fragrantica.com/perfume/Etat-Libre-d-Orange/Exit-The-King-62701.html
Bentley For Men Absolute,https://www.fragrantica.com/perfume/Bentley/Bentley-For-Men-Absolute-25694.html
Sunkissed Goddess,https://www.fragrantica.com/perfume/By-Kilian/Sunkissed-Goddess-90336.html
L'Homme Idéal L'Intense,https://www.fragrantica.com/perfume/Guerlain/L-Homme-Ideal-L-Intense-49416.html
Spicebomb Dark Leather,https://www.fragrantica.com/perfume/Viktor-Rolf/Spicebomb-Dark-Leather-93116.html
Mukhallat,https://www.fragrantica.com/perfume/Montale/Mukhallat-3241.html
Lust,https://www.fragrantica.com/perfume/Lush/Lust-10806.html
Hummingbird,https://www.fragrantica.com/perfume/Zoologist-Perfumes/Hummingbird-32601.html
Aqua Allegoria Herba Fresca,https://www.fragrantica.com/perfume/Guerlain/Aqua-Allegoria-Herba-Fresca-60.html
Khair Fusion,https://www.fragrantica.com/perfume/Paris-Corner/Khair-Fusion-92768.html
Noir,https://www.fragrantica.com/perfume/Tom-Ford/Noir-15727.html
Eilish No.3,https://www.fragrantica.com/perfume/Billie-Eilish/Eilish-No-3-87945.html
Gioiosa,https://www.fragrantica.com/perfume/Profumum-Roma/Gioiosa-88999.html
Boss Bottled Pacific,https://www.fragrantica.com/perfume/Hugo-Boss/Boss-Bottled-Pacific-79762.html
Aoud Vanille,https://www.fragrantica.com/perfume/Mancera/Aoud-Vanille-32907.html
Black Lacquer,https://www.fragrantica.com/perfume/Tom-Ford/Black-Lacquer-95808.html
Fleur de Santal,https://www.fragrantica.com/perfume/Attar-Collection/Fleur-de-Santal-87170.html
Costa Azzurra Parfum,https://www.fragrantica.com/perfume/Tom-Ford/Costa-Azzurra-Parfum-71511.html
Delphinus,https://www.fragrantica.com/perfume/Creed/Delphinus-95970.html
I am Trash - Les Fleurs du Déchet,https://www.fragrantica.com/perfume/Etat-Libre-d-Orange/I-am-Trash-Les-Fleurs-du-Dechet-50009.html
Tyger Tyger,https://www.fragrantica.com/perfume/Francesca-Bianchi/Tyger-Tyger-64029.html
Falcon Leather,https://www.fragrantica.com/perfume/Matiere-Premiere/Falcon-Leather-59057.html
Tam Dao Eau de Toilette,https://www.fragrantica.com/perfume/Diptyque/Tam-Dao-Eau-de-Toilette-3956.html
Myrrhe Mystère,https://www.fragrantica.com/perfume/Tom-Ford/Myrrhe-Mystere-83981.html
CH Men Prive,https://www.fragrantica.com/perfume/Carolina-Herrera/CH-Men-Prive-31508.html
Santal Austral,https://www.fragrantica.com/perfume/Matiere-Premiere/Santal-Austral-59061.html
Spice & Black Vanilla,https://www.fragrantica.com/perfume/Cremo/Spice-Black-Vanilla-49040.html
Epic Man,https://www.fragrantica.com/perfume/Amouage/Epic-Man-6537.html
Au Coeur du Désert,https://www.fragrantica.com/perfume/Tauer-Perfumes/Au-Coeur-du-Desert-41053.html
Russian Tea,https://www.fragrantica.com/perfume/Masque-Milano/Russian-Tea-28499.html
Guerlain Homme Eau de Parfum (2016),https://www.fragrantica.com/perfume/Guerlain/Guerlain-Homme-Eau-de-Parfum-2016-47793.html
Luna Rossa Ocean Le Parfum,https://www.fragrantica.com/perfume/Prada/Luna-Rossa-Ocean-Le-Parfum-91693.html
The World According to Arthur,https://www.fragrantica.com/perfume/Penhaligon-s/The-World-According-to-Arthur-71646.html
Nudiflorum,https://www.fragrantica.com/perfume/Nasomatto/Nudiflorum-49223.html
Italian Leather,https://www.fragrantica.com/perfume/Memo-Paris/Italian-Leather-21771.html
Dark Cherry & Amber,https://www.fragrantica.com/perfume/Banana-Republic/Dark-Cherry-Amber-59392.html
Eau Sauvage Parfum 2017,https://www.fragrantica.com/perfume/Dior/Eau-Sauvage-Parfum-2017-43977.html
Painter,https://www.fragrantica.com/perfume/Genyum/Painter-54911.html
Miami,https://www.fragrantica.com/perfume/City-Rhythm/Miami-75008.html
Sundazed,https://www.fragrantica.com/perfume/Byredo/Sundazed-54747.html
Oud for Happiness,https://www.fragrantica.com/perfume/Initio-Parfums-Prives/Oud-for-Happiness-69224.html
Morning Chess,https://www.fragrantica.com/perfume/Vilhelm-Parfumerie/Morning-Chess-30930.html
Amyris Homme,https://www.fragrantica.com/perfume/Maison-Francis-Kurkdjian/Amyris-Homme-15566.html
Eau des Sens Eau de Toilette,https://www.fragrantica.com/perfume/Diptyque/Eau-des-Sens-Eau-de-Toilette-35678.html
Centaurus,https://www.fragrantica.com/perfume/Creed/Centaurus-95601.html
1740 Marquis de Sade,https://www.fragrantica.com/perfume/Histoires-de-Parfums/1740-Marquis-de-Sade-8590.html
Taskeen Caramel Cascade,https://www.fragrantica.com/perfume/Paris-Corner/Taskeen-Caramel-Cascade-95545.html
La Nuit de L'Homme Le Parfum,https://www.fragrantica.com/perfume/Yves-Saint-Laurent/La-Nuit-de-L-Homme-Le-Parfum-10206.html
Tres Nuit,https://www.fragrantica.com/perfume/Armaf/Tres-Nuit-27711.html
Sugar Addict,https://www.fragrantica.com/perfume/BORNTOSTANDOUT/Sugar-Addict-85084.html
Hypnotizing Fire,https://www.fragrantica.com/perfume/The-Harmonist/Hypnotizing-Fire-36700.html
Ralph's Club Parfum,https://www.fragrantica.com/perfume/Ralph-Lauren/Ralph-s-Club-Parfum-75684.html
Born to be Unforgettable,https://www.fragrantica.com/perfume/By-Kilian/Born-to-be-Unforgettable-89141.html
Almaz,https://www.fragrantica.com/perfume/Kajal/Almaz-73429.html
Symphony,https://www.fragrantica.com/perfume/Louis-Vuitton/Symphony-68357.html
Dark,https://www.fragrantica.com/perfume/Akro/Dark-51706.html
Shalimar Millésime Iris,https://www.fragrantica.com/perfume/Guerlain/Shalimar-Millesime-Iris-84844.html
Italica,https://www.fragrantica.com/perfume/Xerjoff/Italica-41149.html
Vanille Fatale (2024),https://www.fragrantica.com/perfume/Tom-Ford/Vanille-Fatale-2024-88659.html
Van Exstasyx,https://www.fragrantica.com/perfume/Lorenzo-Pazzaglia/Van-Exstasyx-74242.html
The Tux,https://www.fragrantica.com/perfume/Maison-Alhambra/The-Tux-78559.html
Delizia di Marshmallow,https://www.fragrantica.com/perfume/Kyse-Perfumes/Delizia-di-Marshmallow-56189.html
Turathi Brown,https://www.fragrantica.com/perfume/Afnan/Turathi-Brown-84403.html
Uomo Salvatore Ferragamo,https://www.fragrantica.com/perfume/Salvatore-Ferragamo/Uomo-Salvatore-Ferragamo-39466.html
Mimosa & Cardamom,https://www.fragrantica.com/perfume/Jo-Malone-London/Mimosa-Cardamom-31825.html
Tonka Imperiale,https://www.fragrantica.com/perfume/Guerlain/Tonka-Imperiale-8705.html
Patchouli Mania,https://www.fragrantica.com/perfume/Essential-Parfums/Patchouli-Mania-85144.html
Ishq Al Shuyukh Silver,https://www.fragrantica.com/perfume/Lattafa-Perfumes/Ishq-Al-Shuyukh-Silver-81099.html
Velvet Rose & Oud,https://www.fragrantica.com/perfume/Jo-Malone-London/Velvet-Rose-Oud-15286.html
Jimmy Choo Man Ice,https://www.fragrantica.com/perfume/Jimmy-Choo/Jimmy-Choo-Man-Ice-43304.html
GNTONIC,https://www.fragrantica.com/perfume/M-Micallef/GNTONIC-80353.html
I Don’t Know What,https://www.fragrantica.com/perfume/DS-Durga/I-Don-t-Know-What-50118.html
Dior Homme Parfum 2025,https://www.fragrantica.com/perfume/Dior/Dior-Homme-Parfum-2025-101016.html
Escentric 02,https://www.fragrantica.com/perfume/Escentric-Molecules/Escentric-02-3607.html
Last Birthday Cake,https://www.fragrantica.com/perfume/Toskovat/Last-Birthday-Cake-88875.html
Soleil de Capri,https://www.fragrantica.com/perfume/Montale/Soleil-de-Capri-3767.html
Le Jardin de Monsieur Li,https://www.fragrantica.com/perfume/Hermes/Le-Jardin-de-Monsieur-Li-29818.html
Santal Majuscule,https://www.fragrantica.com/perfume/Serge-Lutens/Santal-Majuscule-15547.html
Ansaam Silver,https://www.fragrantica.com/perfume/Lattafa-Perfumes/Ansaam-Silver-82788.html
Search,https://www.fragrantica.com/perfume/Amouage/Search-78655.html
Light Blue Pour Homme Summer Vibes,https://www.fragrantica.com/perfume/Dolce-Gabbana/Light-Blue-Pour-Homme-Summer-Vibes-80377.html
XJ 1861 Zefiro,https://www.fragrantica.com/perfume/Xerjoff/XJ-1861-Zefiro-30530.html
Lyric Man,https://www.fragrantica.com/perfume/Amouage/Lyric-Man-4622.html
Azzaro Chrome Extreme,https://www.fragrantica.com/perfume/Azzaro/Azzaro-Chrome-Extreme-59020.html
Minuit et Demi,https://www.fragrantica.com/perfume/Fragrance-Du-Bois/Minuit-et-Demi-66071.html
Enigma Pour Homme Parfum Cologne,https://www.fragrantica.com/perfume/Roja-Dove/Enigma-Pour-Homme-Parfum-Cologne-57876.html
Raghba Wood Intense,https://www.fragrantica.com/perfume/Lattafa-Perfumes/Raghba-Wood-Intense-28713.html
Starry Night,https://www.fragrantica.com/perfume/Montale/Starry-Night-31771.html
Aperitivo Milanese Porta Nuova,https://www.fragrantica.com/perfume/Trussardi/Aperitivo-Milanese-Porta-Nuova-59829.html
Masa,https://www.fragrantica.com/perfume/Lattafa-Perfumes/Masa-88636.html
Guilty Pour Homme,https://www.fragrantica.com/perfume/Gucci/Guilty-Pour-Homme-11037.html
Memoir Man,https://www.fragrantica.com/perfume/Amouage/Memoir-Man-10145.html
Boundless,https://www.fragrantica.com/perfume/Amouage/Boundless-66528.html
Molecule 01 + Black Tea,https://www.fragrantica.com/perfume/Escentric-Molecules/Molecule-01-Black-Tea-79414.html
Vietnamese Coffee,https://www.fragrantica.com/perfume/d-Annam/Vietnamese-Coffee-89234.html
Oudgasm Vanilla Oud | 36 Eau de Parfum Intense,https://www.fragrantica.com/perfume/Kayali-Fragrances/Oudgasm-Vanilla-Oud-36-Eau-de-Parfum-Intense-85184.html
Chameleon,https://www.fragrantica.com/perfume/Zoologist-Perfumes/Chameleon-53015.html
Cosmic Pepper,https://www.fragrantica.com/perfume/Mancera/Cosmic-Pepper-81804.html
Bvlgari Man Wood Essence,https://www.fragrantica.com/perfume/Bvlgari/Bvlgari-Man-Wood-Essence-50602.html
Maahir Black Edition,https://www.fragrantica.com/perfume/Lattafa-Perfumes/Maahir-Black-Edition-66564.html
Vodka on the Rocks,https://www.fragrantica.com/perfume/By-Kilian/Vodka-on-the-Rocks-23899.html
Rise,https://www.fragrantica.com/perfume/Akro/Rise-84247.html
Rare Carbon,https://www.fragrantica.com/perfume/Afnan/Rare-Carbon-66627.html
Desert Suave,https://www.fragrantica.com/perfume/Les-Liquides-Imaginaires/Desert-Suave-51543.html
Shaghaf Vanilla Toffee,https://www.fragrantica.com/perfume/Swiss-Arabian/Shaghaf-Vanilla-Toffee-98548.html
French Leather,https://www.fragrantica.com/perfume/Memo-Paris/French-Leather-28049.html
Imperium,https://www.fragrantica.com/perfume/Electimuss/Imperium-61804.html
Hugo,https://www.fragrantica.com/perfume/Hugo-Boss/Hugo-570.html
Fakhar Extrait,https://www.fragrantica.com/perfume/Lattafa-Perfumes/Fakhar-Extrait-85092.html
Dolce&Gabbana Pour Homme Intenso,https://www.fragrantica.com/perfume/Dolce-Gabbana/Dolce-Gabbana-Pour-Homme-Intenso-28935.html
Hard Candy Elixir,https://www.fragrantica.com/perfume/Aaron-Terence-Hughes/Hard-Candy-Elixir-83712.html
Jardin Exclusif,https://www.fragrantica.com/perfume/Mancera/Jardin-Exclusif-51490.html
Bleecker Street,https://www.fragrantica.com/perfume/Bond-No-9/Bleecker-Street-1301.html
Qaa'ed Intense,https://www.fragrantica.com/perfume/Lattafa-Perfumes/Qaa-ed-Intense-90438.html
Art of Arabia I,https://www.fragrantica.com/perfume/Lattafa-Perfumes/Art-of-Arabia-I-92423.html
Fils de Joie,https://www.fragrantica.com/perfume/Serge-Lutens/Fils-de-Joie-62872.html
Les Absolus d'Orient Santal Royal,https://www.fragrantica.com/perfume/Guerlain/Les-Absolus-d-Orient-Santal-Royal-28246.html
Les Sables Roses,https://www.fragrantica.com/perfume/Louis-Vuitton/Les-Sables-Roses-55040.html
Shuhrah Pour Homme,https://www.fragrantica.com/perfume/Rasasi/Shuhrah-Pour-Homme-53578.html
1957 Eau de Parfum,https://www.fragrantica.com/perfume/Chanel/1957-Eau-de-Parfum-52483.html
Vanilla Sky,https://www.fragrantica.com/perfume/Skylar/Vanilla-Sky-63471.html
EGE / ΑΙΓΑΙΟ,https://www.fragrantica.com/perfume/Nishane/EGE-AIGAIO-64092.html
She Was An Anomaly,https://www.fragrantica.com/perfume/Etat-Libre-d-Orange/She-Was-An-Anomaly-56994.html
Orange X Santal,https://www.fragrantica.com/perfume/Essential-Parfums/Orange-X-Santal-50786.html
11 11,https://www.fragrantica.com/perfume/Lake-Skye/11-11-70646.html
Sweet Vanilla,https://www.fragrantica.com/perfume/Montale/Sweet-Vanilla-39411.html
Tempo Eau de Parfum,https://www.fragrantica.com/perfume/Diptyque/Tempo-Eau-de-Parfum-48680.html
Dior Homme,https://www.fragrantica.com/perfume/Dior/Dior-Homme-13015.html
F by Ferragamo Black,https://www.fragrantica.com/perfume/Salvatore-Ferragamo/F-by-Ferragamo-Black-5002.html
Angel's Dust,https://www.fragrantica.com/perfume/Francesca-Bianchi/Angel-s-Dust-40882.html
Milk,https://www.fragrantica.com/perfume/DedCool/Milk-67819.html
Acqua di parma Blue Mediterraneo - Mirto di Panarea,https://www.fragrantica.com/perfume/Acqua-di-Parma/Acqua-di-parma-Blue-Mediterraneo-Mirto-di-Panarea-3108.html
Kismet Magic,https://www.fragrantica.com/perfume/Maison-Alhambra/Kismet-Magic-95138.html
La Religieuse,https://www.fragrantica.com/perfume/Serge-Lutens/La-Religieuse-29636.html
Pasha de Cartier Parfum,https://www.fragrantica.com/perfume/Cartier/Pasha-de-Cartier-Parfum-59418.html
Bodacious,https://www.fragrantica.com/perfume/Boadicea-the-Victorious/Bodacious-70658.html
Habit Rouge Rouge Privé,https://www.fragrantica.com/perfume/Guerlain/Habit-Rouge-Rouge-Prive-80690.html
Silver Musk,https://www.fragrantica.com/perfume/Nasomatto/Silver-Musk-4295.html
Himalaya,https://www.fragrantica.com/perfume/Creed/Himalaya-465.html
Rouge Chaotique,https://www.fragrantica.com/perfume/Byredo/Rouge-Chaotique-83369.html
Rien Intense Incense,https://www.fragrantica.com/perfume/Etat-Libre-d-Orange/Rien-Intense-Incense-24713.html
De Profundis,https://www.fragrantica.com/perfume/Serge-Lutens/De-Profundis-13274.html
Original Vetiver,https://www.fragrantica.com/perfume/Creed/Original-Vetiver-468.html
Journey Man,https://www.fragrantica.com/perfume/Amouage/Journey-Man-25251.html
Oud Cadenza,https://www.fragrantica.com/perfume/Maison-Crivelli/Oud-Cadenza-95195.html
Gentleman (2017),https://www.fragrantica.com/perfume/Givenchy/Gentleman-2017-46040.html
The One For Men Eau de Parfum Intense,https://www.fragrantica.com/perfume/Dolce-Gabbana/The-One-For-Men-Eau-de-Parfum-Intense-59313.html
Molecule 01 + Mandarin,https://www.fragrantica.com/perfume/Escentric-Molecules/Molecule-01-Mandarin-66047.html
Melody Of The Sun,https://www.fragrantica.com/perfume/Mancera/Melody-Of-The-Sun-72736.html
Divin'Enfant,https://www.fragrantica.com/perfume/Etat-Libre-d-Orange/Divin-Enfant-4514.html
DesirToxic,https://www.fragrantica.com/perfume/M-Micallef/DesirToxic-54800.html
Gozo,https://www.fragrantica.com/perfume/Jeroboam/Gozo-60300.html
Via Cavour I,https://www.fragrantica.com/perfume/Xerjoff/Via-Cavour-I-47871.html
Néroli Amara,https://www.fragrantica.com/perfume/Van-Cleef-Arpels/Neroli-Amara-49913.html
Aqua Universalis,https://www.fragrantica.com/perfume/Maison-Francis-Kurkdjian/Aqua-Universalis-6804.html
Camel,https://www.fragrantica.com/perfume/Zoologist-Perfumes/Camel-47334.html
His Confession,https://www.fragrantica.com/perfume/Lattafa-Perfumes/His-Confession-96866.html
Déjà Vu White Flower 57,https://www.fragrantica.com/perfume/Kayali-Fragrances/Deja-Vu-White-Flower-57-59093.html
Dark Lord,https://www.fragrantica.com/perfume/By-Kilian/Dark-Lord-50603.html
Prada Amber Pour Homme (Prada Man),https://www.fragrantica.com/perfume/Prada/Prada-Amber-Pour-Homme-Prada-Man-1044.html
Néroli Outrenoir,https://www.fragrantica.com/perfume/Guerlain/Neroli-Outrenoir-40345.html
Brutus,https://www.fragrantica.com/perfume/Orto-Parisi/Brutus-24194.html
Stercus,https://www.fragrantica.com/perfume/Orto-Parisi/Stercus-24192.html
Confidential Private Gold,https://www.fragrantica.com/perfume/Lattafa-Perfumes/Confidential-Private-Gold-84305.html
Sacred Wood,https://www.fragrantica.com/perfume/By-Kilian/Sacred-Wood-23897.html
Choco Violette,https://www.fragrantica.com/perfume/Mancera/Choco-Violette-42940.html
Vanilla Bourbon,https://www.fragrantica.com/perfume/Mix-Bar/Vanilla-Bourbon-66235.html
What About Pop,https://www.fragrantica.com/perfume/The-House-of-Oud/What-About-Pop-57474.html
De Los Santos,https://www.fragrantica.com/perfume/Byredo/De-Los-Santos-72693.html
Sticky Fingers,https://www.fragrantica.com/perfume/Francesca-Bianchi/Sticky-Fingers-61631.html
Le Gourmand,https://www.fragrantica.com/perfume/Jousset-Parfums/Le-Gourmand-87261.html
Aqva Pour Homme Marine,https://www.fragrantica.com/perfume/Bvlgari/Aqva-Pour-Homme-Marine-1742.html
Milk -,https://www.fragrantica.com/perfume/Commodity/Milk-70021.html
Lait de Biscuit,https://www.fragrantica.com/perfume/Chabaud-Maison-de-Parfum/Lait-de-Biscuit-23552.html
Jardins de Misfah,https://www.fragrantica.com/perfume/Une-Nuit-Nomade/Jardins-de-Misfah-58411.html
Ambre Nuit,https://www.fragrantica.com/perfume/Dior/Ambre-Nuit-7092.html
God Bless Cola,https://www.fragrantica.com/perfume/Versatile-Paris/God-Bless-Cola-87192.html
Infusion d'Amande,https://www.fragrantica.com/perfume/Prada/Infusion-d-Amande-31044.html
The Hedonist,https://www.fragrantica.com/perfume/Ex-Nihilo/The-Hedonist-69225.html
Tonka Sarrapia Extrait 75,https://www.fragrantica.com/perfume/Guerlain/Tonka-Sarrapia-Extrait-75-87541.html
Mefisto Gentiluomo,https://www.fragrantica.com/perfume/Xerjoff/Mefisto-Gentiluomo-52432.html
Sparkling Jo,https://www.fragrantica.com/perfume/Vilhelm-Parfumerie/Sparkling-Jo-88567.html
Bois d'Argent,https://www.fragrantica.com/perfume/Dior/Bois-d-Argent-1377.html
Velvet Vanilla,https://www.fragrantica.com/perfume/Mancera/Velvet-Vanilla-39835.html
Eau Capitale Eau de Parfum,https://www.fragrantica.com/perfume/Diptyque/Eau-Capitale-Eau-de-Parfum-58391.html
Tabac Rose,https://www.fragrantica.com/perfume/BDK-Parfums/Tabac-Rose-61838.html
Meander,https://www.fragrantica.com/perfume/Amouage/Meander-62859.html
Ombre Noire,https://www.fragrantica.com/perfume/Lalique/Ombre-Noire-48063.html
Bossa,https://www.fragrantica.com/perfume/Granado/Bossa-63970.html
Äican,https://www.fragrantica.com/perfume/Kajal/AEican-91276.html
Un Jardin Sur La Lagune,https://www.fragrantica.com/perfume/Hermes/Un-Jardin-Sur-La-Lagune-53373.html
Adonis Awakens,https://www.fragrantica.com/perfume/Argos/Adonis-Awakens-80245.html
The Lover's Tale,https://www.fragrantica.com/perfume/Francesca-Bianchi/The-Lover-s-Tale-51499.html
Mortal Skin,https://www.fragrantica.com/perfume/Stephane-Humbert-Lucas-777/Mortal-Skin-31518.html
Now,https://www.fragrantica.com/perfume/RAVE/Now-82467.html
Phantom Intense,https://www.fragrantica.com/perfume/Rabanne/Phantom-Intense-89717.html
Pomegranate Noir,https://www.fragrantica.com/perfume/Jo-Malone-London/Pomegranate-Noir-5581.html
Sculpture Homme,https://www.fragrantica.com/perfume/Nikos/Sculpture-Homme-925.html
Jasoor,https://www.fragrantica.com/perfume/Lattafa-Perfumes/Jasoor-85093.html
Fathom V,https://www.fragrantica.com/perfume/BeauFort-London/Fathom-V-40732.html
Buontalenti,https://www.fragrantica.com/perfume/Profumo-di-Firenze/Buontalenti-57112.html
L'Instant de Guerlain pour Homme EDP,https://www.fragrantica.com/perfume/Guerlain/L-Instant-de-Guerlain-pour-Homme-EDP-44763.html
Under My Skin,https://www.fragrantica.com/perfume/Francesca-Bianchi/Under-My-Skin-46650.html
Opera,https://www.fragrantica.com/perfume/Xerjoff/Opera-55162.html
Heaven Can Wait,https://www.fragrantica.com/perfume/Frederic-Malle/Heaven-Can-Wait-83297.html
Light Blue pour Homme Italian Love,https://www.fragrantica.com/perfume/Dolce-Gabbana/Light-Blue-pour-Homme-Italian-Love-72622.html
Baie 19,https://www.fragrantica.com/perfume/Le-Labo/Baie-19-57513.html
Black Vanilla,https://www.fragrantica.com/perfume/Mancera/Black-Vanilla-46662.html
