Fragrance Name,Brand Name,Link
Dior Homme Intense 2011,Dior,https://www.fragrantica.com/perfume/Dior/Dior-Homme-Intense-2011-13016.html
Sauvage,Dior,https://www.fragrantica.com/perfume/Dior/Sauvage-31861.html
Sauvage Elixir,Dior,https://www.fragrantica.com/perfume/Dior/Sauvage-Elixir-68415.html
Imagination,Louis Vuitton,https://www.fragrantica.com/perfume/Louis-Vuitton/Imagination-67370.html
Side Effect,Initio Parfums Prives,https://www.fragrantica.com/perfume/Initio-Parfums-Prives/Side-Effect-42260.html
Santal 33,Le Labo,https://www.fragrantica.com/perfume/Le-Labo/Santal-33-12201.html
Gris Charnel,BDK Parfums,https://www.fragrantica.com/perfume/BDK-Parfums/Gris-Charnel-57038.html
Sauvage Eau de Parfum,Dior,https://www.fragrantica.com/perfume/Dior/Sauvage-Eau-de-Parfum-48100.html
Another 13,Le Labo,https://www.fragrantica.com/perfume/Le-Labo/Another-13-10131.html
Dior Homme Parfum,Dior,https://www.fragrantica.com/perfume/Dior/Dior-Homme-Parfum-27417.html
Ombre Nomade,Louis Vuitton,https://www.fragrantica.com/perfume/Louis-Vuitton/Ombre-Nomade-49755.html
Pacific Chill,Louis Vuitton,https://www.fragrantica.com/perfume/Louis-Vuitton/Pacific-Chill-81423.html
Oud for Greatness,Initio Parfums Prives,https://www.fragrantica.com/perfume/Initio-Parfums-Prives/Oud-for-Greatness-53641.html
Fahrenheit,Dior,https://www.fragrantica.com/perfume/Dior/Fahrenheit-228.html
Gris Charnel Extrait,BDK Parfums,https://www.fragrantica.com/perfume/BDK-Parfums/Gris-Charnel-Extrait-73645.html
Musk Therapy,Initio Parfums Prives,https://www.fragrantica.com/perfume/Initio-Parfums-Prives/Musk-Therapy-66097.html
Dior Homme 2020,Dior,https://www.fragrantica.com/perfume/Dior/Dior-Homme-2020-58714.html
Narcotic Delight,Initio Parfums Prives,https://www.fragrantica.com/perfume/Initio-Parfums-Prives/Narcotic-Delight-89368.html
Absolute Aphrodisiac,Initio Parfums Prives,https://www.fragrantica.com/perfume/Initio-Parfums-Prives/Absolute-Aphrodisiac-30989.html
Afternoon Swim,Louis Vuitton,https://www.fragrantica.com/perfume/Louis-Vuitton/Afternoon-Swim-53947.html
Dior Homme Sport 2021,Dior,https://www.fragrantica.com/perfume/Dior/Dior-Homme-Sport-2021-71326.html
The Noir 29,Le Labo,https://www.fragrantica.com/perfume/Le-Labo/The-Noir-29-31872.html
Dior Homme Cologne 2022,Dior,https://www.fragrantica.com/perfume/Dior/Dior-Homme-Cologne-2022-72062.html
Paragon,Initio Parfums Prives,https://www.fragrantica.com/perfume/Initio-Parfums-Prives/Paragon-76580.html
L’Immensité,Louis Vuitton,https://www.fragrantica.com/perfume/Louis-Vuitton/L-Immensite-49751.html
Vanilla Diorama,Dior,https://www.fragrantica.com/perfume/Dior/Vanilla-Diorama-68198.html
Halfeti,Penhaligon s,https://www.fragrantica.com/perfume/Penhaligon-s/Halfeti-31396.html
Rehab,Initio Parfums Prives,https://www.fragrantica.com/perfume/Initio-Parfums-Prives/Rehab-50351.html
Rouge Smoking,BDK Parfums,https://www.fragrantica.com/perfume/BDK-Parfums/Rouge-Smoking-51468.html
The Matcha 26,Le Labo,https://www.fragrantica.com/perfume/Le-Labo/The-Matcha-26-69731.html
Sauvage Parfum,Dior,https://www.fragrantica.com/perfume/Dior/Sauvage-Parfum-56324.html
Psychedelic Love,Initio Parfums Prives,https://www.fragrantica.com/perfume/Initio-Parfums-Prives/Psychedelic-Love-45977.html
Tobacolor,Dior,https://www.fragrantica.com/perfume/Dior/Tobacolor-65551.html
Atomic Rose,Initio Parfums Prives,https://www.fragrantica.com/perfume/Initio-Parfums-Prives/Atomic-Rose-57587.html
Gris Dior,Dior,https://www.fragrantica.com/perfume/Dior/Gris-Dior-48387.html
Fahrenheit Le Parfum,Dior,https://www.fragrantica.com/perfume/Dior/Fahrenheit-Le-Parfum-23099.html
The Blazing Mr Sam,Penhaligon s,https://www.fragrantica.com/perfume/Penhaligon-s/The-Blazing-Mr-Sam-50255.html
The Tragedy of Lord George,Penhaligon s,https://www.fragrantica.com/perfume/Penhaligon-s/The-Tragedy-of-Lord-George-40716.html
Velvet Tonka,BDK Parfums,https://www.fragrantica.com/perfume/BDK-Parfums/Velvet-Tonka-68119.html
The Omniscient Mr Thompson,Penhaligon s,https://www.fragrantica.com/perfume/Penhaligon-s/The-Omniscient-Mr-Thompson-84254.html
Blessed Baraka,Initio Parfums Prives,https://www.fragrantica.com/perfume/Initio-Parfums-Prives/Blessed-Baraka-30991.html
Luna,Penhaligon s,https://www.fragrantica.com/perfume/Penhaligon-s/Luna-38351.html
City Of Stars,Louis Vuitton,https://www.fragrantica.com/perfume/Louis-Vuitton/City-Of-Stars-73344.html
Bergamote 22,Le Labo,https://www.fragrantica.com/perfume/Le-Labo/Bergamote-22-6327.html
Météore,Louis Vuitton,https://www.fragrantica.com/perfume/Louis-Vuitton/Meteore-62251.html
Eau Sauvage,Dior,https://www.fragrantica.com/perfume/Dior/Eau-Sauvage-231.html
Crème de Cuir,BDK Parfums,https://www.fragrantica.com/perfume/BDK-Parfums/Creme-de-Cuir-51469.html
Sauvage Eau Forte,Dior,https://www.fragrantica.com/perfume/Dior/Sauvage-Eau-Forte-95863.html
Pas Ce Soir Extrait,BDK Parfums,https://www.fragrantica.com/perfume/BDK-Parfums/Pas-Ce-Soir-Extrait-83663.html
Vanille Leather,BDK Parfums,https://www.fragrantica.com/perfume/BDK-Parfums/Vanille-Leather-82783.html
Ambre Nuit,Dior,https://www.fragrantica.com/perfume/Dior/Ambre-Nuit-48395.html
Rose 31,Le Labo,https://www.fragrantica.com/perfume/Le-Labo/Rose-31-3678.html
Dior Homme Parfum 2025,Dior,https://www.fragrantica.com/perfume/Dior/Dior-Homme-Parfum-2025-101016.html
Fève Délicieuse,Dior,https://www.fragrantica.com/perfume/Dior/Feve-Delicieuse-30164.html
Sartorial,Penhaligon s,https://www.fragrantica.com/perfume/Penhaligon-s/Sartorial-10559.html
312 Saint-Honoré,BDK Parfums,https://www.fragrantica.com/perfume/BDK-Parfums/312-Saint-Honore-89642.html
Symphony,Louis Vuitton,https://www.fragrantica.com/perfume/Louis-Vuitton/Symphony-68357.html
The World According to Arthur,Penhaligon s,https://www.fragrantica.com/perfume/Penhaligon-s/The-World-According-to-Arthur-71646.html
Eau Sauvage Parfum 2017,Dior,https://www.fragrantica.com/perfume/Dior/Eau-Sauvage-Parfum-2017-43977.html
Oud for Happiness,Initio Parfums Prives,https://www.fragrantica.com/perfume/Initio-Parfums-Prives/Oud-for-Happiness-69224.html
Cairo,Penhaligon s,https://www.fragrantica.com/perfume/Penhaligon-s/Cairo-54665.html
Rouge Smoking Extrait,BDK Parfums,https://www.fragrantica.com/perfume/BDK-Parfums/Rouge-Smoking-Extrait-98696.html
Terrible Teddy,Penhaligon s,https://www.fragrantica.com/perfume/Penhaligon-s/Terrible-Teddy-55441.html
Halfeti Leather,Penhaligon s,https://www.fragrantica.com/perfume/Penhaligon-s/Halfeti-Leather-61523.html
Oud for Greatness Neo,Initio Parfums Prives,https://www.fragrantica.com/perfume/Initio-Parfums-Prives/Oud-for-Greatness-Neo-93090.html
High Frequency,Initio Parfums Prives,https://www.fragrantica.com/perfume/Initio-Parfums-Prives/High-Frequency-42259.html
Tubereuse Imperiale,BDK Parfums,https://www.fragrantica.com/perfume/BDK-Parfums/Tubereuse-Imperiale-39474.html
Tonka 25,Le Labo,https://www.fragrantica.com/perfume/Le-Labo/Tonka-25-51697.html
Vanille 44 Paris,Le Labo,https://www.fragrantica.com/perfume/Le-Labo/Vanille-44-Paris-6340.html
Fleur du Désert,Louis Vuitton,https://www.fragrantica.com/perfume/Louis-Vuitton/Fleur-du-Desert-73006.html
Lucky,Dior,https://www.fragrantica.com/perfume/Dior/Lucky-48385.html
Stellar Times,Louis Vuitton,https://www.fragrantica.com/perfume/Louis-Vuitton/Stellar-Times-68356.html
Eau de Audacity,Penhaligon s,https://www.fragrantica.com/perfume/Penhaligon-s/Eau-de-Audacity-84258.html
AIUla,Penhaligon s,https://www.fragrantica.com/perfume/Penhaligon-s/AIUla-90117.html
Jasmin Des Anges,Dior,https://www.fragrantica.com/perfume/Dior/Jasmin-Des-Anges-48383.html
Blenheim Bouquet,Penhaligon s,https://www.fragrantica.com/perfume/Penhaligon-s/Blenheim-Bouquet-3940.html
Labdanum 18,Le Labo,https://www.fragrantica.com/perfume/Le-Labo/Labdanum-18-7848.html
Endymion,Penhaligon s,https://www.fragrantica.com/perfume/Penhaligon-s/Endymion-5674.html
Patchouli 24,Le Labo,https://www.fragrantica.com/perfume/Le-Labo/Patchouli-24-6332.html
Dior Homme Sport 2017,Dior,https://www.fragrantica.com/perfume/Dior/Dior-Homme-Sport-2017-42974.html
Roaring Radcliff,Penhaligon s,https://www.fragrantica.com/perfume/Penhaligon-s/Roaring-Radcliff-43037.html
Eau Sauvage Parfum,Dior,https://www.fragrantica.com/perfume/Dior/Eau-Sauvage-Parfum-14811.html
Eden-Roc,Dior,https://www.fragrantica.com/perfume/Dior/Eden-Roc-66856.html
Highgrove Bouquet,Penhaligon s,https://www.fragrantica.com/perfume/Penhaligon-s/Highgrove-Bouquet-76125.html
Ambre Nuit Esprit De Parfum,Dior,https://www.fragrantica.com/perfume/Dior/Ambre-Nuit-Esprit-De-Parfum-95986.html
Constantinople,Penhaligon s,https://www.fragrantica.com/perfume/Penhaligon-s/Constantinople-68998.html
Cactus Garden,Louis Vuitton,https://www.fragrantica.com/perfume/Louis-Vuitton/Cactus-Garden-53946.html
Dune Pour Homme,Dior,https://www.fragrantica.com/perfume/Dior/Dune-Pour-Homme-235.html
Spice Blend,Dior,https://www.fragrantica.com/perfume/Dior/Spice-Blend-56055.html
A Kiss Of Bliss,Penhaligon s,https://www.fragrantica.com/perfume/Penhaligon-s/A-Kiss-Of-Bliss-84256.html
Dior Homme Eau for Men,Dior,https://www.fragrantica.com/perfume/Dior/Dior-Homme-Eau-for-Men-22860.html
Vetiver 46,Le Labo,https://www.fragrantica.com/perfume/Le-Labo/Vetiver-46-6328.html
Mystic Experience,Initio Parfums Prives,https://www.fragrantica.com/perfume/Initio-Parfums-Prives/Mystic-Experience-30992.html
Nuit de Feu,Louis Vuitton,https://www.fragrantica.com/perfume/Louis-Vuitton/Nuit-de-Feu-60031.html
Fahrenheit Absolute,Dior,https://www.fragrantica.com/perfume/Dior/Fahrenheit-Absolute-6555.html
Rouge Trafalgar Esprit De Parfum,Dior,https://www.fragrantica.com/perfume/Dior/Rouge-Trafalgar-Esprit-De-Parfum-95983.html
Sur la Route,Louis Vuitton,https://www.fragrantica.com/perfume/Louis-Vuitton/Sur-la-Route-49754.html
Much Ado About The Duke,Penhaligon s,https://www.fragrantica.com/perfume/Penhaligon-s/Much-Ado-About-The-Duke-40713.html
Oud Rosewood,Dior,https://www.fragrantica.com/perfume/Dior/Oud-Rosewood-60318.html
Jasmin 17,Le Labo,https://www.fragrantica.com/perfume/Le-Labo/Jasmin-17-6337.html
Eau Noire,Dior,https://www.fragrantica.com/perfume/Dior/Eau-Noire-1378.html
Endymion Concentré,Penhaligon s,https://www.fragrantica.com/perfume/Penhaligon-s/Endymion-Concentre-38352.html
Sel d'Argent,BDK Parfums,https://www.fragrantica.com/perfume/BDK-Parfums/Sel-d-Argent-61926.html
Villa Néroli,BDK Parfums,https://www.fragrantica.com/perfume/BDK-Parfums/Villa-Neroli-74483.html
Dior Homme Intense 2007,Dior,https://www.fragrantica.com/perfume/Dior/Dior-Homme-Intense-2007-1771.html
Fleur d'Oranger 27,Le Labo,https://www.fragrantica.com/perfume/Le-Labo/Fleur-d-Oranger-27-6331.html
Bois D'Argent,Dior,https://www.fragrantica.com/perfume/Dior/Bois-D-Argent-48396.html
Lothair,Penhaligon s,https://www.fragrantica.com/perfume/Penhaligon-s/Lothair-27039.html
Neroli 36,Le Labo,https://www.fragrantica.com/perfume/Le-Labo/Neroli-36-6330.html
Eau Sauvage Cologne,Dior,https://www.fragrantica.com/perfume/Dior/Eau-Sauvage-Cologne-30854.html
Ambrette 9,Le Labo,https://www.fragrantica.com/perfume/Le-Labo/Ambrette-9-6334.html
Tabac 28 Miami,Le Labo,https://www.fragrantica.com/perfume/Le-Labo/Tabac-28-Miami-54784.html
Opus 1870,Penhaligon s,https://www.fragrantica.com/perfume/Penhaligon-s/Opus-1870-7052.html
Balade Sauvage,Dior,https://www.fragrantica.com/perfume/Dior/Balade-Sauvage-48398.html
Purple Oud,Dior,https://www.fragrantica.com/perfume/Dior/Purple-Oud-48376.html
Wood Jasmin,BDK Parfums,https://www.fragrantica.com/perfume/BDK-Parfums/Wood-Jasmin-39473.html
Savoy Steam,Penhaligon s,https://www.fragrantica.com/perfume/Penhaligon-s/Savoy-Steam-42702.html
Santal Noir,Dior,https://www.fragrantica.com/perfume/Dior/Santal-Noir-48378.html
Vra Vra Vroom,Penhaligon s,https://www.fragrantica.com/perfume/Penhaligon-s/Vra-Vra-Vroom-84255.html
Quercus,Penhaligon s,https://www.fragrantica.com/perfume/Penhaligon-s/Quercus-4563.html
Liquid Love,Penhaligon s,https://www.fragrantica.com/perfume/Penhaligon-s/Liquid-Love-84259.html
Iris 39,Le Labo,https://www.fragrantica.com/perfume/Le-Labo/Iris-39-6336.html
Dioramour,Dior,https://www.fragrantica.com/perfume/Dior/Dioramour-48397.html
Ambre Safrano,BDK Parfums,https://www.fragrantica.com/perfume/BDK-Parfums/Ambre-Safrano-77572.html
Dior Homme Sport,Dior,https://www.fragrantica.com/perfume/Dior/Dior-Homme-Sport-4033.html
The Cachemire,Dior,https://www.fragrantica.com/perfume/Dior/The-Cachemire-48371.html
Myriad,Louis Vuitton,https://www.fragrantica.com/perfume/Louis-Vuitton/Myriad-85363.html
Fahrenheit 32,Dior,https://www.fragrantica.com/perfume/Dior/Fahrenheit-32-987.html
Bois Talisman,Dior,https://www.fragrantica.com/perfume/Dior/Bois-Talisman-100813.html
The Uncompromising Sohan,Penhaligon s,https://www.fragrantica.com/perfume/Penhaligon-s/The-Uncompromising-Sohan-46503.html
La Colle Noire (2018),Dior,https://www.fragrantica.com/perfume/Dior/La-Colle-Noire-2018-48393.html
Eau Sauvage Extreme 2010,Dior,https://www.fragrantica.com/perfume/Dior/Eau-Sauvage-Extreme-2010-72771.html
Nuit De Sable,BDK Parfums,https://www.fragrantica.com/perfume/BDK-Parfums/Nuit-De-Sable-57040.html
Musc 25 Los Angeles,Le Labo,https://www.fragrantica.com/perfume/Le-Labo/Musc-25-Los-Angeles-6338.html
A Balm Of Calm,Penhaligon s,https://www.fragrantica.com/perfume/Penhaligon-s/A-Balm-Of-Calm-84257.html
Dior Homme Intense 2025,Dior,https://www.fragrantica.com/perfume/Dior/Dior-Homme-Intense-2025-101596.html
Cedrat 37 Berlin,Le Labo,https://www.fragrantica.com/perfume/Le-Labo/Cedrat-37-Berlin-68788.html
Coriandre 39 Mexico,Le Labo,https://www.fragrantica.com/perfume/Le-Labo/Coriandre-39-Mexico-95922.html
Gris Dior Esprit De Parfum,Dior,https://www.fragrantica.com/perfume/Dior/Gris-Dior-Esprit-De-Parfum-95984.html
Higher,Dior,https://www.fragrantica.com/perfume/Dior/Higher-233.html
Higher Energy,Dior,https://www.fragrantica.com/perfume/Dior/Higher-Energy-234.html
Rose Kabuki,Dior,https://www.fragrantica.com/perfume/Dior/Rose-Kabuki-48380.html
Dior Homme 2005,Dior,https://www.fragrantica.com/perfume/Dior/Dior-Homme-2005-230.html
Dior Homme Sport 2012,Dior,https://www.fragrantica.com/perfume/Dior/Dior-Homme-Sport-2012-14719.html
Sun Song,Louis Vuitton,https://www.fragrantica.com/perfume/Louis-Vuitton/Sun-Song-53945.html
Oud Ispahan Esprit De Parfum,Dior,https://www.fragrantica.com/perfume/Dior/Oud-Ispahan-Esprit-De-Parfum-95985.html
Au Hasard,Louis Vuitton,https://www.fragrantica.com/perfume/Louis-Vuitton/Au-Hasard-49756.html
Magnetic Blend 7,Initio Parfums Prives,https://www.fragrantica.com/perfume/Initio-Parfums-Prives/Magnetic-Blend-7-30995.html
Castile,Penhaligon s,https://www.fragrantica.com/perfume/Penhaligon-s/Castile-4564.html
The Impudent Cousin Matthew,Penhaligon s,https://www.fragrantica.com/perfume/Penhaligon-s/The-Impudent-Cousin-Matthew-53875.html
Aqua Fahrenheit,Dior,https://www.fragrantica.com/perfume/Dior/Aqua-Fahrenheit-11388.html
Cologne Blanche,Dior,https://www.fragrantica.com/perfume/Dior/Cologne-Blanche-1379.html
Bonne Étoile Baby Dior,Dior,https://www.fragrantica.com/perfume/Dior/Bonne-Etoile-Baby-Dior-87597.html
Cosmic Cloud,Louis Vuitton,https://www.fragrantica.com/perfume/Louis-Vuitton/Cosmic-Cloud-68355.html
Pur Oud,Louis Vuitton,https://www.fragrantica.com/perfume/Louis-Vuitton/Pur-Oud-66436.html
Oud Abramad,BDK Parfums,https://www.fragrantica.com/perfume/BDK-Parfums/Oud-Abramad-39472.html
Myrrhe 55 Shanghai,Le Labo,https://www.fragrantica.com/perfume/Le-Labo/Myrrhe-55-Shanghai-83918.html
Poivre 23 London,Le Labo,https://www.fragrantica.com/perfume/Le-Labo/Poivre-23-London-6339.html
Mousse de Chene 30 Amsterdam,Le Labo,https://www.fragrantica.com/perfume/Le-Labo/Mousse-de-Chene-30-Amsterdam-46295.html
Aldehyde 44 Dallas,Le Labo,https://www.fragrantica.com/perfume/Le-Labo/Aldehyde-44-Dallas-6333.html
Leather Oud,Dior,https://www.fragrantica.com/perfume/Dior/Leather-Oud-48386.html
New Look 1947,Dior,https://www.fragrantica.com/perfume/Dior/New-Look-1947-48382.html
Cuir Cannage,Dior,https://www.fragrantica.com/perfume/Dior/Cuir-Cannage-25228.html
Belle De Jour,Dior,https://www.fragrantica.com/perfume/Dior/Belle-De-Jour-48394.html
Rhapsody,Louis Vuitton,https://www.fragrantica.com/perfume/Louis-Vuitton/Rhapsody-68359.html
Patchouli Imperial,Dior,https://www.fragrantica.com/perfume/Dior/Patchouli-Imperial-48381.html
Fahrenheit Cologne,Dior,https://www.fragrantica.com/perfume/Dior/Fahrenheit-Cologne-34582.html
Pur Ambre,Louis Vuitton,https://www.fragrantica.com/perfume/Louis-Vuitton/Pur-Ambre-90204.html
Gris Dior New Look Limited Edition,Dior,https://www.fragrantica.com/perfume/Dior/Gris-Dior-New-Look-Limited-Edition-71823.html
Monsieur Beauregard,Penhaligon s,https://www.fragrantica.com/perfume/Penhaligon-s/Monsieur-Beauregard-46485.html
Oud 27,Le Labo,https://www.fragrantica.com/perfume/Le-Labo/Oud-27-6329.html
Eucalyptus 20,Le Labo,https://www.fragrantica.com/perfume/Le-Labo/Eucalyptus-20-101776.html
Vaara,Penhaligon s,https://www.fragrantica.com/perfume/Penhaligon-s/Vaara-18719.html
Iris Prima,Penhaligon s,https://www.fragrantica.com/perfume/Penhaligon-s/Iris-Prima-18488.html
Sauvage Very Cool Spray,Dior,https://www.fragrantica.com/perfume/Dior/Sauvage-Very-Cool-Spray-43933.html
Benjoin 19 Moscow,Le Labo,https://www.fragrantica.com/perfume/Le-Labo/Benjoin-19-Moscow-19930.html
Hammam Bouquet,Penhaligon s,https://www.fragrantica.com/perfume/Penhaligon-s/Hammam-Bouquet-3938.html
Lucky Esprit De Parfum,Dior,https://www.fragrantica.com/perfume/Dior/Lucky-Esprit-De-Parfum-95987.html
Dancing Blossom,Louis Vuitton,https://www.fragrantica.com/perfume/Louis-Vuitton/Dancing-Blossom-68358.html
Pur Santal,Louis Vuitton,https://www.fragrantica.com/perfume/Louis-Vuitton/Pur-Santal-90205.html
Divine Attraction,Initio Parfums Prives,https://www.fragrantica.com/perfume/Initio-Parfums-Prives/Divine-Attraction-30993.html
La Colle Noire,Dior,https://www.fragrantica.com/perfume/Dior/La-Colle-Noire-38153.html
Eau Sauvage Extreme,Dior,https://www.fragrantica.com/perfume/Dior/Eau-Sauvage-Extreme-232.html
Cheval Blanc Paris,Dior,https://www.fragrantica.com/perfume/Dior/Cheval-Blanc-Paris-69283.html
Jules (2016),Dior,https://www.fragrantica.com/perfume/Dior/Jules-2016-40736.html
Sports Car Club,Penhaligon s,https://www.fragrantica.com/perfume/Penhaligon-s/Sports-Car-Club-73924.html
Citron 28 Seoul,Le Labo,https://www.fragrantica.com/perfume/Le-Labo/Citron-28-Seoul-62513.html
French Bouquet,BDK Parfums,https://www.fragrantica.com/perfume/BDK-Parfums/French-Bouquet-61837.html
Osmanthus 19 Kyoto,Le Labo,https://www.fragrantica.com/perfume/Le-Labo/Osmanthus-19-Kyoto-98516.html
Mr Harrod,Penhaligon s,https://www.fragrantica.com/perfume/Penhaligon-s/Mr-Harrod-57190.html
Bigarade 18 Hong Kong,Le Labo,https://www.fragrantica.com/perfume/Le-Labo/Bigarade-18-Hong-Kong-60369.html
Lavandula,Penhaligon s,https://www.fragrantica.com/perfume/Penhaligon-s/Lavandula-4562.html
Magnetic Blend 8,Initio Parfums Prives,https://www.fragrantica.com/perfume/Initio-Parfums-Prives/Magnetic-Blend-8-30996.html
Tralala,Penhaligon s,https://www.fragrantica.com/perfume/Penhaligon-s/Tralala-23081.html
Rose Gipsy,Dior,https://www.fragrantica.com/perfume/Dior/Rose-Gipsy-48390.html
La Collection Couturier Parfumeur Vetiver,Dior,https://www.fragrantica.com/perfume/Dior/La-Collection-Couturier-Parfumeur-Vetiver-10632.html
Baie Rose 26 Chicago,Le Labo,https://www.fragrantica.com/perfume/Le-Labo/Baie-Rose-26-Chicago-12212.html
Tubereuse 40 New York,Le Labo,https://www.fragrantica.com/perfume/Le-Labo/Tubereuse-40-New-York-9803.html
Brilliantly British,Penhaligon s,https://www.fragrantica.com/perfume/Penhaligon-s/Brilliantly-British-62879.html
Diorissima,Dior,https://www.fragrantica.com/perfume/Dior/Diorissima-48391.html
Limette 37 San Francisco,Le Labo,https://www.fragrantica.com/perfume/Le-Labo/Limette-37-San-Francisco-20560.html
English Fern,Penhaligon s,https://www.fragrantica.com/perfume/Penhaligon-s/English-Fern-3939.html
Douro,Penhaligon s,https://www.fragrantica.com/perfume/Penhaligon-s/Douro-5672.html
Happy Hour,Dior,https://www.fragrantica.com/perfume/Dior/Happy-Hour-48388.html
Elixir,Penhaligon s,https://www.fragrantica.com/perfume/Penhaligon-s/Elixir-5673.html
Magnetic Blend 1,Initio Parfums Prives,https://www.fragrantica.com/perfume/Initio-Parfums-Prives/Magnetic-Blend-1-30994.html
Jules,Dior,https://www.fragrantica.com/perfume/Dior/Jules-1243.html
Cuir 28 Dubai,Le Labo,https://www.fragrantica.com/perfume/Le-Labo/Cuir-28-Dubai-20524.html
Grand Bal (2018),Dior,https://www.fragrantica.com/perfume/Dior/Grand-Bal-2018-48389.html
Souffle De Soie,Dior,https://www.fragrantica.com/perfume/Dior/Souffle-De-Soie-48377.html
Dior Homme Cologne,Dior,https://www.fragrantica.com/perfume/Dior/Dior-Homme-Cologne-1770.html
La Collection Couturier Parfumeur Leather Oud,Dior,https://www.fragrantica.com/perfume/Dior/La-Collection-Couturier-Parfumeur-Leather-Oud-10631.html
La Collection Couturier Parfumeur Cologne Royale,Dior,https://www.fragrantica.com/perfume/Dior/La-Collection-Couturier-Parfumeur-Cologne-Royale-10627.html
Kensington Amber,Penhaligon s,https://www.fragrantica.com/perfume/Penhaligon-s/Kensington-Amber-49653.html
Equinox Bloom,Penhaligon s,https://www.fragrantica.com/perfume/Penhaligon-s/Equinox-Bloom-35897.html
Patchouli Elixir Precieux,Dior,https://www.fragrantica.com/perfume/Dior/Patchouli-Elixir-Precieux-76183.html
Cruise Collection - Escale a Portofino Limited Edition,Dior,https://www.fragrantica.com/perfume/Dior/Cruise-Collection-Escale-a-Portofino-Limited-Edition-82987.html
Musk Therapy Hair Perfume,Initio Parfums Prives,https://www.fragrantica.com/perfume/Initio-Parfums-Prives/Musk-Therapy-Hair-Perfume-96606.html
Oud Elixir Precieux,Dior,https://www.fragrantica.com/perfume/Dior/Oud-Elixir-Precieux-22985.html
Ambre Nuit New Look Limited Edition,Dior,https://www.fragrantica.com/perfume/Dior/Ambre-Nuit-New-Look-Limited-Edition-71824.html
Rose Elixir Precieux,Dior,https://www.fragrantica.com/perfume/Dior/Rose-Elixir-Precieux-22982.html
Colette 34,Le Labo,https://www.fragrantica.com/perfume/Le-Labo/Colette-34-45403.html
Agarbathi,Penhaligon s,https://www.fragrantica.com/perfume/Penhaligon-s/Agarbathi-45240.html
Terra Bella,Dior,https://www.fragrantica.com/perfume/Dior/Terra-Bella-48374.html
Ambre Elixir Precieux,Dior,https://www.fragrantica.com/perfume/Dior/Ambre-Elixir-Precieux-22983.html
Belgravia Chypre,Penhaligon s,https://www.fragrantica.com/perfume/Penhaligon-s/Belgravia-Chypre-49652.html
Bayolea,Penhaligon s,https://www.fragrantica.com/perfume/Penhaligon-s/Bayolea-26452.html
Eau Sauvage Fraicheur Cuir,Dior,https://www.fragrantica.com/perfume/Dior/Eau-Sauvage-Fraicheur-Cuir-1242.html
Racquets,Penhaligon s,https://www.fragrantica.com/perfume/Penhaligon-s/Racquets-65598.html
Atomic Rose Hair Perfume,Initio Parfums Prives,https://www.fragrantica.com/perfume/Initio-Parfums-Prives/Atomic-Rose-Hair-Perfume-96604.html
La Collection Couturier Parfumeur Patchouli Imperial,Dior,https://www.fragrantica.com/perfume/Dior/La-Collection-Couturier-Parfumeur-Patchouli-Imperial-13292.html
Oud Ispahan New Look Limited Edition,Dior,https://www.fragrantica.com/perfume/Dior/Oud-Ispahan-New-Look-Limited-Edition-71825.html
Colette 19,Le Labo,https://www.fragrantica.com/perfume/Le-Labo/Colette-19-45400.html
As Sawira,Penhaligon s,https://www.fragrantica.com/perfume/Penhaligon-s/As-Sawira-29223.html
LP No.9 for Men,Penhaligon s,https://www.fragrantica.com/perfume/Penhaligon-s/LP-No-9-for-Men-5675.html
Jasmin Elixir Precieux,Dior,https://www.fragrantica.com/perfume/Dior/Jasmin-Elixir-Precieux-76182.html
Savoy Steam Eau de Cologne,Penhaligon s,https://www.fragrantica.com/perfume/Penhaligon-s/Savoy-Steam-Eau-de-Cologne-45013.html
Fahrenheit Summer,Dior,https://www.fragrantica.com/perfume/Dior/Fahrenheit-Summer-229.html
Cruise Collection Escale a Parati,Dior,https://www.fragrantica.com/perfume/Dior/Cruise-Collection-Escale-a-Parati-14833.html
Dior Homme Sport Very Cool Spray,Dior,https://www.fragrantica.com/perfume/Dior/Dior-Homme-Sport-Very-Cool-Spray-48208.html
Alizarin,Penhaligon s,https://www.fragrantica.com/perfume/Penhaligon-s/Alizarin-40196.html
Blasted Heath,Penhaligon s,https://www.fragrantica.com/perfume/Penhaligon-s/Blasted-Heath-32851.html
Geranium 30,Le Labo,https://www.fragrantica.com/perfume/Le-Labo/Geranium-30-25986.html
Dior Homme Voyage,Dior,https://www.fragrantica.com/perfume/Dior/Dior-Homme-Voyage-6017.html
Agarwood,Penhaligon s,https://www.fragrantica.com/perfume/Penhaligon-s/Agarwood-90027.html
Colette 25,Le Labo,https://www.fragrantica.com/perfume/Le-Labo/Colette-25-45402.html
Oud for Greatness Hair Perfume,Initio Parfums Prives,https://www.fragrantica.com/perfume/Initio-Parfums-Prives/Oud-for-Greatness-Hair-Perfume-96605.html
Fahrenheit 0 Degree,Dior,https://www.fragrantica.com/perfume/Dior/Fahrenheit-0-Degree-2609.html
Levantium,Penhaligon s,https://www.fragrantica.com/perfume/Penhaligon-s/Levantium-27038.html
Esprit du Roi,Penhaligon s,https://www.fragrantica.com/perfume/Penhaligon-s/Esprit-du-Roi-12349.html
No. 33 Eau de Cologne,Penhaligon s,https://www.fragrantica.com/perfume/Penhaligon-s/No-33-Eau-de-Cologne-31560.html
Musc Elixir Precieux,Dior,https://www.fragrantica.com/perfume/Dior/Musc-Elixir-Precieux-22984.html
Eau de Cologne Fraîche,Dior,https://www.fragrantica.com/perfume/Dior/Eau-de-Cologne-Fraiche-69860.html
Higher Black,Dior,https://www.fragrantica.com/perfume/Dior/Higher-Black-11792.html
Santal 33 Perfume Oil,Le Labo,https://www.fragrantica.com/perfume/Le-Labo/Santal-33-Perfume-Oil-17278.html
The Noir 29 Perfume Oil,Le Labo,https://www.fragrantica.com/perfume/Le-Labo/The-Noir-29-Perfume-Oil-71926.html
Racquets Formula,Penhaligon s,https://www.fragrantica.com/perfume/Penhaligon-s/Racquets-Formula-7054.html
Marylebone Wood,Penhaligon s,https://www.fragrantica.com/perfume/Penhaligon-s/Marylebone-Wood-49654.html
Rose 31 Perfume Oil,Le Labo,https://www.fragrantica.com/perfume/Le-Labo/Rose-31-Perfume-Oil-17275.html
Fahrenheit Summer 2007,Dior,https://www.fragrantica.com/perfume/Dior/Fahrenheit-Summer-2007-4134.html
Eau Sauvage 100% Glaçon,Dior,https://www.fragrantica.com/perfume/Dior/Eau-Sauvage-100-Glacon-36113.html
Extract of Limes,Penhaligon s,https://www.fragrantica.com/perfume/Penhaligon-s/Extract-of-Limes-9399.html
Eau de Voyage,Louis Vuitton,https://www.fragrantica.com/perfume/Louis-Vuitton/Eau-de-Voyage-39153.html
Poudre D’Orient,Le Labo,https://www.fragrantica.com/perfume/Le-Labo/Poudre-D-Orient-10771.html
Fahrenheit Summer 2006,Dior,https://www.fragrantica.com/perfume/Dior/Fahrenheit-Summer-2006-2610.html
Eau de Verveine,Penhaligon s,https://www.fragrantica.com/perfume/Penhaligon-s/Eau-de-Verveine-9400.html
Heures d’Absence (1927),Louis Vuitton,https://www.fragrantica.com/perfume/Louis-Vuitton/Heures-d-Absence-1927-39152.html
Eau de Cologne,Penhaligon s,https://www.fragrantica.com/perfume/Penhaligon-s/Eau-de-Cologne-8635.html
Patchouli 24 Perfume Oil,Le Labo,https://www.fragrantica.com/perfume/Le-Labo/Patchouli-24-Perfume-Oil-17276.html
Chant De Bois,Le Labo,https://www.fragrantica.com/perfume/Le-Labo/Chant-De-Bois-10768.html
Labdanum 18 Perfume Oil,Le Labo,https://www.fragrantica.com/perfume/Le-Labo/Labdanum-18-Perfume-Oil-17271.html
Eau de Cologne aux Fleurs Fraiches,Dior,https://www.fragrantica.com/perfume/Dior/Eau-de-Cologne-aux-Fleurs-Fraiches-87549.html
Bouquet Blanc,Le Labo,https://www.fragrantica.com/perfume/Le-Labo/Bouquet-Blanc-10772.html
Belle Du Soir,Le Labo,https://www.fragrantica.com/perfume/Le-Labo/Belle-Du-Soir-10769.html
Ambrette 9 Perfume Oil,Le Labo,https://www.fragrantica.com/perfume/Le-Labo/Ambrette-9-Perfume-Oil-17272.html
Je Tu Il,Louis Vuitton,https://www.fragrantica.com/perfume/Louis-Vuitton/Je-Tu-Il-39155.html
Vetiver 46 Perfume Oil,Le Labo,https://www.fragrantica.com/perfume/Le-Labo/Vetiver-46-Perfume-Oil-17269.html
Bergamote 22 Perfume Oil,Le Labo,https://www.fragrantica.com/perfume/Le-Labo/Bergamote-22-Perfume-Oil-17277.html
Neroli 36 Perfume Oil,Le Labo,https://www.fragrantica.com/perfume/Le-Labo/Neroli-36-Perfume-Oil-17267.html
Reminiscences,Louis Vuitton,https://www.fragrantica.com/perfume/Louis-Vuitton/Reminiscences-39154.html
Iris 39 Perfume Oil,Le Labo,https://www.fragrantica.com/perfume/Le-Labo/Iris-39-Perfume-Oil-17268.html
Jasmin 17 Perfume Oil,Le Labo,https://www.fragrantica.com/perfume/Le-Labo/Jasmin-17-Perfume-Oil-17274.html
Oud 27 Perfume Oil,Le Labo,https://www.fragrantica.com/perfume/Le-Labo/Oud-27-Perfume-Oil-17273.html
Orange Discrete,Le Labo,https://www.fragrantica.com/perfume/Le-Labo/Orange-Discrete-10770.html
Sur la Route (vintage),Louis Vuitton,https://www.fragrantica.com/perfume/Louis-Vuitton/Sur-la-Route-vintage-39156.html
Fleur D'Oranger 27 Perfume Oil,Le Labo,https://www.fragrantica.com/perfume/Le-Labo/Fleur-D-Oranger-27-Perfume-Oil-17270.html
Benjoin 19 Moscow Perfume Oil,Le Labo,https://www.fragrantica.com/perfume/Le-Labo/Benjoin-19-Moscow-Perfume-Oil-40451.html
Lys 41 Perfume Oil,Le Labo,https://www.fragrantica.com/perfume/Le-Labo/Lys-41-Perfume-Oil-71927.html
